date,cbp_apprehensions,cbp_care,cbp_transfers_to_hhs,hhs_care,hhs_discharges,net_hhs_flow,report_day_of_week,days_since_previous_report,hhs_care_lag_1_reports,hhs_care_lag_7_reports,hhs_care_lag_14_reports,hhs_care_rolling_mean_7_reports,hhs_care_rolling_variance_7_reports,hhs_care_rolling_mean_14_reports,hhs_care_rolling_variance_14_reports,hhs_discharges_lag_1_reports,hhs_discharges_lag_7_reports,hhs_discharges_lag_14_reports,hhs_discharges_rolling_mean_7_reports,hhs_discharges_rolling_variance_7_reports,hhs_discharges_rolling_mean_14_reports,hhs_discharges_rolling_variance_14_reports,net_hhs_flow_lag_1_reports,net_hhs_flow_lag_7_reports,net_hhs_flow_lag_14_reports,net_hhs_flow_rolling_mean_7_reports,net_hhs_flow_rolling_variance_7_reports,net_hhs_flow_rolling_mean_14_reports,net_hhs_flow_rolling_variance_14_reports,day_of_week,month,is_weekend,is_us_federal_holiday,target_hhs_care_next_1_report,target_hhs_discharges_next_1_report,target_net_hhs_flow_next_1_report
2023-01-12,33.0,53.0,34.0,6566,436.0,-402.0,Thursday,0,,,,,,,,,,,,,,,,,,,,,,3,1,0,0,7122.0,227.0,-188.0
2023-01-22,32.0,49.0,39.0,7122,227.0,-188.0,Sunday,10,6566.0,,,,,,,436.0,,,,,,,-402.0,,,,,,,6,1,1,0,7280.0,181.0,-142.0
2023-01-23,32.0,50.0,39.0,7280,181.0,-142.0,Monday,1,7122.0,,,,,,,227.0,,,,,,,-188.0,,,,,,,0,1,0,0,7433.0,175.0,-128.0
2023-01-24,47.0,42.0,47.0,7433,175.0,-128.0,Tuesday,1,7280.0,,,,,,,181.0,,,,,,,-142.0,,,,,,,1,1,0,0,7538.0,180.0,-139.0
2023-01-25,20.0,22.0,41.0,7538,180.0,-139.0,Wednesday,1,7433.0,,,,,,,175.0,,,,,,,-128.0,,,,,,,2,1,0,0,7472.0,303.0,-292.0
2023-01-29,23.0,45.0,11.0,7472,303.0,-292.0,Sunday,4,7538.0,,,,,,,180.0,,,,,,,-139.0,,,,,,,6,1,1,0,7743.0,196.0,-167.0
2023-01-30,34.0,54.0,29.0,7743,196.0,-167.0,Monday,1,7472.0,,,,,,,303.0,,,,,,,-292.0,,,,,,,0,1,0,0,7803.0,158.0,-122.0
2023-01-31,26.0,36.0,36.0,7803,158.0,-122.0,Tuesday,1,7743.0,6566.0,,7307.714285714285,145098.23809523802,,,196.0,436.0,,242.57142857142858,9291.619047619048,,,-167.0,-402.0,,-208.28571428571428,10381.57142857143,,,1,1,0,0,7903.0,231.0,-204.0
2023-02-01,25.0,32.0,27.0,7903,231.0,-204.0,Wednesday,1,7803.0,7122.0,,7484.428571428572,57860.28571428547,,,158.0,227.0,,202.85714285714286,2407.809523809525,,,-122.0,-188.0,,-168.28571428571428,3501.571428571431,,,2,2,0,0,7879.0,298.0,-275.0
2023-02-02,15.0,13.0,23.0,7879,298.0,-275.0,Thursday,1,7903.0,7280.0,,7596.0,50645.33333333296,,,231.0,181.0,,203.42857142857142,2442.285714285716,,,-204.0,-142.0,,-170.57142857142858,3643.285714285717,,,3,2,0,0,7586.0,342.0,-327.0
2023-02-05,16.0,18.0,15.0,7586,342.0,-327.0,Sunday,3,7879.0,7433.0,,7681.571428571428,38807.952380951814,,,298.0,175.0,,220.14285714285714,3523.1428571428582,,,-275.0,-128.0,,-189.57142857142858,4903.6190476190495,,,6,2,1,0,7720.0,196.0,-184.0
2023-02-06,11.0,22.0,12.0,7720,196.0,-184.0,Monday,1,7586.0,7538.0,,7703.428571428572,29474.95238095178,,,342.0,180.0,,244.0,4994.333333333333,,,-327.0,-139.0,,-218.0,6476.666666666668,,,0,2,0,0,7855.0,200.0,-180.0
2023-02-07,16.0,20.0,20.0,7855,200.0,-180.0,Tuesday,1,7720.0,7472.0,,7729.428571428572,24170.952380951727,,,196.0,303.0,,246.28571428571428,4689.571428571428,,,-184.0,-292.0,,-224.42857142857142,5580.952380952383,,,1,2,0,0,7915.0,317.0,-148.0
2023-02-08,93.0,196.0,169.0,7915,317.0,-148.0,Wednesday,1,7855.0,7743.0,,7784.142857142857,12261.476190475378,,,200.0,196.0,,231.57142857142858,4257.952380952382,,,-180.0,-167.0,,-208.42857142857142,4850.285714285716,,,2,2,0,0,7908.0,353.0,-192.0
2023-02-09,124.0,234.0,161.0,7908,353.0,-192.0,Thursday,1,7915.0,7803.0,6566.0,7808.714285714285,14128.904761903863,7558.214285714285,141066.64285714284,317.0,158.0,436.0,248.85714285714286,4914.809523809522,245.71428571428572,6567.450549450551,-148.0,-122.0,-402.0,-205.71428571428572,5164.238095238096,-207.0,7176.7692307692305,3,2,0,0,7434.0,317.0,-144.0
2023-02-12,92.0,203.0,173.0,7434,317.0,-144.0,Sunday,3,7908.0,7903.0,7122.0,7823.714285714285,15503.90476190382,7654.071428571428,64852.84065934074,353.0,231.0,227.0,276.7142857142857,4441.23809523809,239.78571428571428,4629.719780219782,-192.0,-204.0,-188.0,-215.71428571428572,3910.9047619047637,-192.0,4026.769230769231,6,2,1,0,7483.0,244.0,-72.0
2023-02-13,186.0,259.0,172.0,7483,244.0,-72.0,Monday,1,7434.0,7879.0,7280.0,7756.714285714285,34531.90476190406,7676.357142857143,46266.55494505504,317.0,298.0,181.0,289.0,4187.333333333326,246.21428571428572,5031.258241758243,-144.0,-275.0,-142.0,-207.14285714285714,4659.476190476192,-188.85714285714286,4192.131868131868,0,2,0,0,7794.0,223.0,-3.0
2023-02-14,154.0,225.0,220.0,7794,223.0,-3.0,Tuesday,1,7483.0,7586.0,7433.0,7700.142857142857,40792.47619047567,7690.857142857143,36831.51648351656,244.0,342.0,175.0,281.2857142857143,4441.904761904755,250.71428571428572,4682.681318681319,-72.0,-327.0,-128.0,-178.14285714285714,5954.809523809523,-183.85714285714286,5046.747252747253,1,2,0,0,7869.0,290.0,-118.0
2023-02-15,91.0,199.0,172.0,7869,290.0,-118.0,Wednesday,1,7794.0,7720.0,7538.0,7729.857142857143,39059.142857142215,7716.642857142857,31819.170329670404,223.0,196.0,180.0,264.2857142857143,4056.571428571424,254.14285714285714,4288.131868131868,-3.0,-184.0,-139.0,-131.85714285714286,4874.809523809518,-174.92857142857142,7236.9945054945065,2,2,0,0,7793.0,361.0,-208.0
2023-02-16,81.0,213.0,153.0,7793,361.0,-208.0,Thursday,1,7869.0,7855.0,7472.0,7751.142857142857,41741.1428571421,7740.285714285715,30547.91208791218,290.0,200.0,303.0,277.7142857142857,3179.2380952380886,262.0,3897.692307692307,-118.0,-180.0,-292.0,-122.42857142857143,4349.9523809523735,-173.42857142857142,7384.571428571429,3,2,0,0,7817.0,209.0,-25.0
2023-02-20,209.0,285.0,184.0,7817,209.0,-25.0,Monday,4,7793.0,7915.0,7743.0,7742.285714285715,40143.90476190405,7763.214285714285,24658.796703296823,361.0,317.0,196.0,300.7142857142857,2711.5714285714184,266.14285714285717,4503.824175824175,-208.0,-148.0,-167.0,-126.42857142857143,4999.285714285707,-167.42857142857142,6356.263736263738,0,2,0,1,7967.0,213.0,4.0
2023-02-21,184.0,314.0,217.0,7967,213.0,4.0,Tuesday,1,7817.0,7908.0,7803.0,7728.285714285715,35873.90476190413,7768.5,24819.80769230781,209.0,353.0,158.0,285.2857142857143,3791.5714285714203,267.07142857142856,4375.609890109888,-25.0,-192.0,-122.0,-108.85714285714286,6276.142857142849,-157.28571428571428,7805.91208791209,1,2,0,0,7978.0,232.0,-2.0
2023-02-22,107.0,215.0,230.0,7978,232.0,-2.0,Wednesday,1,7967.0,7434.0,7903.0,7736.714285714285,39905.57142857074,7780.214285714285,27611.4120879122,213.0,317.0,231.0,265.2857142857143,3431.571428571422,271.0,3668.7692307692278,4.0,-144.0,-204.0,-80.85714285714286,6332.142857142845,-148.28571428571428,9623.912087912091,2,2,0,0,7914.0,386.0,-208.0
2023-02-23,101.0,162.0,178.0,7914,386.0,-208.0,Thursday,1,7978.0,7483.0,7879.0,7814.428571428572,27289.952380951232,7785.571428571428,29429.956043956143,232.0,244.0,298.0,253.14285714285714,2998.4761904761854,271.07142857142856,3662.6868131868105,-2.0,-72.0,-275.0,-60.57142857142857,6223.952380952367,-133.85714285714286,10807.05494505495,3,2,0,0,7609.0,323.0,-147.0
2023-02-26,99.0,190.0,176.0,7609,323.0,-147.0,Sunday,3,7914.0,7794.0,7586.0,7876.0,6211.999999998461,7788.071428571428,30020.532967033065,386.0,223.0,342.0,273.42857142857144,5446.2857142857065,277.35714285714283,4580.401098901095,-208.0,-3.0,-327.0,-80.0,9384.333333333321,-129.07142857142858,9672.840659340665,6,2,1,0,7800.0,248.0,-82.0
2023-02-27,167.0,239.0,166.0,7800,248.0,-82.0,Monday,1,7609.0,7869.0,7720.0,7849.571428571428,16157.952380951001,7789.714285714285,29343.296703296794,323.0,290.0,196.0,287.7142857142857,5193.9047619047515,276.0,4417.230769230765,-147.0,-118.0,-184.0,-100.57142857142857,8650.619047619039,-116.21428571428571,6506.027472527479,0,2,0,0,7896.0,200.0,-31.0
2023-02-28,115.0,216.0,169.0,7896,200.0,-31.0,Tuesday,1,7800.0,7793.0,7855.0,7839.714285714285,16391.238095236786,7795.428571428572,28942.417582417664,248.0,361.0,200.0,281.7142857142857,5413.904761904753,279.7142857142857,3970.373626373622,-82.0,-208.0,-180.0,-95.42857142857143,8626.619047619039,-108.92857142857143,6185.456043956053,1,2,0,0,7930.0,307.0,-114.0
2023-03-01,84.0,158.0,193.0,7930,307.0,-114.0,Wednesday,1,7896.0,7817.0,7915.0,7854.428571428572,16302.952380950965,7798.357142857143,29438.247252747326,200.0,209.0,317.0,258.7142857142857,4861.904761904756,279.7142857142857,3970.373626373622,-31.0,-25.0,-148.0,-70.14285714285714,6460.476190476177,-98.28571428571429,6142.065934065943,2,3,0,0,7870.0,335.0,-143.0
2023-03-02,130.0,227.0,192.0,7870,335.0,-143.0,Thursday,1,7930.0,7967.0,7908.0,7870.571428571428,16717.2857142842,7799.428571428572,29723.494505494567,307.0,213.0,353.0,272.7142857142857,4609.904761904753,279.0,3920.153846153842,-114.0,4.0,-192.0,-82.85714285714286,6252.809523809513,-95.85714285714286,5964.593406593416,3,3,0,0,7859.0,259.0,-99.0
2023-03-07,88.0,214.0,160.0,7859,259.0,-99.0,Tuesday,5,7870.0,7978.0,7434.0,7856.714285714285,14943.571428569994,7796.714285714285,29191.912087912162,335.0,232.0,317.0,290.14285714285717,4307.809523809513,277.7142857142857,3738.3736263736228,-143.0,-2.0,-144.0,-103.85714285714286,5083.809523809516,-92.35714285714286,5411.324175824185,1,3,0,0,7885.0,291.0,-132.0
2023-03-08,113.0,208.0,159.0,7885,291.0,-132.0,Wednesday,1,7859.0,7914.0,7483.0,7839.714285714285,12155.571428570087,7827.071428571428,18377.763736263645,259.0,386.0,244.0,294.0,3888.6666666666547,273.57142857142856,3628.1098901098862,-99.0,-208.0,-72.0,-117.71428571428571,3134.5714285714225,-89.14285714285714,5198.43956043957,2,3,0,0,7786.0,340.0,-190.0
2023-03-09,174.0,285.0,150.0,7786,340.0,-190.0,Thursday,1,7885.0,7609.0,7794.0,7835.571428571428,11557.61904761773,7855.785714285715,8641.412087911827,291.0,323.0,223.0,280.42857142857144,2264.6190476190372,276.92857142857144,3572.0714285714253,-132.0,-147.0,-3.0,-106.85714285714286,1672.4761904761835,-93.42857142857143,5297.340659340669,3,3,0,0,7567.0,249.0,-43.0
2023-03-13,104.0,230.0,206.0,7567,249.0,-43.0,Monday,4,7786.0,7800.0,7869.0,7860.857142857143,2665.4761904747684,7855.214285714285,8722.027472527216,340.0,248.0,290.0,282.85714285714283,2547.1428571428464,285.2857142857143,3579.142857142855,-190.0,-82.0,-118.0,-113.0,2511.999999999993,-106.78571428571429,5193.565934065942,0,3,0,0,7810.0,181.0,33.0
2023-03-14,147.0,276.0,214.0,7810,181.0,33.0,Tuesday,1,7567.0,7896.0,7793.0,7827.571428571428,15147.619047617824,7833.642857142857,14596.093406593298,249.0,200.0,361.0,283.0,2535.6666666666556,282.35714285714283,3669.4780219780196,-43.0,-31.0,-208.0,-107.42857142857143,3132.285714285707,-101.42857142857143,5465.956043956053,1,3,0,0,7915.0,286.0,-73.0
2023-03-15,108.0,220.0,213.0,7915,286.0,-73.0,Wednesday,1,7810.0,7930.0,7817.0,7815.285714285715,14242.571428570278,7834.857142857143,14510.439560439441,181.0,307.0,209.0,280.2857142857143,3112.904761904751,269.5,3805.9615384615336,33.0,-114.0,-25.0,-98.28571428571429,5347.904761904753,-84.21428571428571,5663.258241758252,2,3,0,0,7989.0,308.0,-162.0
2023-03-16,180.0,280.0,146.0,7989,308.0,-162.0,Thursday,1,7915.0,7870.0,7967.0,7813.142857142857,13701.142857141713,7841.857142857143,14927.208791208628,286.0,335.0,213.0,277.2857142857143,2988.904761904751,275.0,3512.769230769227,-73.0,-143.0,4.0,-92.42857142857143,5373.285714285706,-87.64285714285714,5390.554945054955,3,3,0,0,7885.0,306.0,-120.0
2023-03-19,134.0,294.0,186.0,7885,306.0,-120.0,Sunday,3,7989.0,7859.0,7978.0,7830.142857142857,17979.476190474947,7843.428571428572,15385.340659340487,308.0,259.0,232.0,273.42857142857144,2573.6190476190372,281.7857142857143,3251.25824175824,-162.0,-99.0,-2.0,-95.14285714285714,5745.142857142848,-99.5,5018.423076923086,6,3,1,0,7931.0,279.0,-121.0
2023-03-20,202.0,313.0,158.0,7931,279.0,-121.0,Monday,1,7885.0,7885.0,7914.0,7833.857142857143,18326.142857141596,7836.785714285715,14077.719780219652,306.0,291.0,386.0,280.14285714285717,2663.142857142846,287.07142857142856,3075.609890109889,-120.0,-132.0,-208.0,-98.14285714285714,5835.142857142848,-107.92857142857143,4242.994505494514,0,3,0,0,8050.0,221.0,-28.0
2023-03-21,110.0,272.0,193.0,8050,221.0,-28.0,Tuesday,1,7931.0,7786.0,7609.0,7840.428571428572,19412.619047617758,7838.0,14300.30769230756,279.0,340.0,323.0,278.42857142857144,2640.2857142857033,279.42857142857144,2264.879120879118,-121.0,-190.0,-147.0,-96.57142857142857,5728.285714285706,-101.71428571428571,3444.219780219789,1,3,0,0,8097.0,246.0,-17.0
2023-03-22,166.0,277.0,229.0,8097,246.0,-17.0,Wednesday,1,8050.0,7567.0,7800.0,7878.142857142857,24579.476190474757,7869.5,12655.038461538148,221.0,249.0,248.0,261.42857142857144,2220.952380952373,272.14285714285717,2324.28571428571,-28.0,-43.0,-82.0,-73.42857142857143,4432.285714285704,-93.21428571428571,3626.642857142867,2,3,0,0,8102.0,331.0,-153.0
2023-03-23,136.0,276.0,178.0,8102,331.0,-153.0,Thursday,1,8097.0,7810.0,7896.0,7953.857142857143,9739.476190474492,7890.714285714285,15780.065934065484,246.0,181.0,200.0,261.0,2234.666666666659,272.0,2331.999999999996,-17.0,33.0,-31.0,-69.71428571428571,4792.571428571418,-88.57142857142857,4040.5714285714394,3,3,0,0,7847.0,352.0,-179.0
2023-03-26,87.0,246.0,173.0,7847,352.0,-179.0,Sunday,3,8102.0,7915.0,7930.0,7995.571428571428,7917.952380950552,7905.428571428572,18978.725274724708,331.0,286.0,307.0,282.42857142857144,1448.9523809523669,281.35714285714283,2106.7087912087886,-153.0,-73.0,-114.0,-96.28571428571429,3366.57142857142,-97.28571428571429,4023.142857142867,6,3,1,0,7994.0,235.0,-78.0
2023-03-27,84.0,171.0,157.0,7994,235.0,-78.0,Monday,1,7847.0,7989.0,7870.0,7985.857142857143,10404.809523807717,7899.5,19157.038461537944,352.0,308.0,335.0,291.85714285714283,2149.8095238095066,284.57142857142856,2428.8791208791185,-179.0,-162.0,-143.0,-111.42857142857143,4148.9523809523735,-101.92857142857143,4492.0714285714375,0,3,0,0,8079.0,223.0,-66.0
2023-03-28,167.0,209.0,157.0,8079,223.0,-66.0,Tuesday,1,7994.0,7885.0,7859.0,7986.571428571428,10413.619047617238,7908.357142857143,19692.554945054355,235.0,306.0,259.0,281.42857142857144,2518.285714285701,277.42857142857144,2367.340659340656,-78.0,-120.0,-99.0,-99.42857142857143,3740.952380952372,-97.28571428571429,4383.142857142868,1,3,0,0,8208.0,267.0,-108.0
2023-03-29,109.0,245.0,159.0,8208,267.0,-108.0,Wednesday,1,8079.0,7931.0,7885.0,8014.285714285715,9221.904761902852,7924.071428571428,21479.148351647636,223.0,279.0,291.0,269.57142857142856,2822.619047619039,274.85714285714283,2561.978021978018,-66.0,-121.0,-132.0,-91.71428571428571,3787.238095238086,-94.92857142857143,4452.225274725285,2,3,0,0,8158.0,359.0,-183.0
2023-03-30,156.0,256.0,176.0,8158,359.0,-183.0,Thursday,1,8208.0,8050.0,7786.0,8053.857142857143,12493.142857140845,7947.142857142857,26989.670329669454,267.0,221.0,340.0,267.85714285714283,2805.476190476183,273.14285714285717,2543.51648351648,-108.0,-28.0,-190.0,-89.85714285714286,3684.4761904761804,-93.21428571428571,4356.489010989022,3,3,0,0,7981.0,304.0,-112.0
2023-04-02,125.0,232.0,192.0,7981,304.0,-112.0,Sunday,3,8158.0,8097.0,7567.0,8069.285714285715,14020.571428569363,7973.714285714285,27651.912087911,359.0,246.0,249.0,287.57142857142856,3370.6190476190327,274.5,2764.730769230766,-183.0,-17.0,-43.0,-112.0,3920.666666666657,-92.71428571428571,4255.7582417582535,6,4,1,0,8054.0,284.0,-116.0
2023-04-03,118.0,139.0,168.0,8054,284.0,-116.0,Monday,1,7981.0,8102.0,7810.0,8052.714285714285,14871.238095236076,8003.285714285715,13989.912087910732,304.0,331.0,181.0,295.85714285714283,3047.4761904761726,278.42857142857144,2765.0329670329643,-112.0,-153.0,33.0,-125.57142857142857,2201.6190476190386,-97.64285714285714,4068.0934065934175,0,4,0,0,8068.0,259.0,-120.0
2023-04-04,142.0,235.0,139.0,8068,259.0,-120.0,Tuesday,1,8054.0,7847.0,7915.0,8045.857142857143,14411.809523807528,8020.714285714285,10986.835164833661,284.0,352.0,286.0,289.14285714285717,2812.476190476175,285.7857142857143,1978.9505494505474,-116.0,-179.0,-73.0,-120.28571428571429,2058.904761904753,-108.28571428571429,2659.1428571428664,1,4,0,0,8175.0,260.0,-85.0
2023-04-05,148.0,245.0,175.0,8175,260.0,-85.0,Wednesday,1,8068.0,7994.0,7989.0,8077.428571428572,6739.952380950286,8031.642857142857,10170.55494505335,259.0,235.0,308.0,275.85714285714283,2099.47619047618,283.85714285714283,2030.1318681318662,-120.0,-78.0,-162.0,-111.85714285714286,1401.476190476181,-111.64285714285714,2561.785714285723,2,4,0,0,8178.0,284.0,-74.0
2023-04-06,119.0,219.0,210.0,8178,284.0,-74.0,Thursday,1,8175.0,8079.0,7885.0,8103.285714285715,6386.571428569208,8044.928571428572,11421.456043954346,260.0,223.0,306.0,279.42857142857144,1848.2857142857026,280.42857142857144,2016.417582417581,-85.0,-66.0,-120.0,-112.85714285714286,1329.476190476181,-106.14285714285714,2388.747252747262,3,4,0,0,7900.0,329.0,-180.0
2023-04-09,105.0,210.0,149.0,7900,329.0,-180.0,Sunday,3,8178.0,8208.0,7931.0,8117.428571428572,6985.285714283426,8065.857142857143,10344.439560437693,284.0,267.0,279.0,288.14285714285717,1232.4761904761751,278.85714285714283,1964.439560439559,-74.0,-108.0,-121.0,-114.0,1213.6666666666572,-102.85714285714286,2441.824175824185,6,4,1,0,7826.0,265.0,-102.0
2023-04-10,143.0,203.0,163.0,7826,265.0,-102.0,Monday,1,7900.0,8158.0,8050.0,8073.428571428572,11238.619047616967,8063.642857142857,11056.247252745397,329.0,359.0,221.0,297.0,1344.666666666647,282.42857142857144,2144.109890109888,-180.0,-183.0,-28.0,-124.28571428571429,1810.238095238086,-107.07142857142857,2855.148351648361,0,4,0,0,7922.0,187.0,-35.0
2023-04-11,119.0,209.0,152.0,7922,187.0,-35.0,Tuesday,1,7826.0,7981.0,8097.0,8026.0,17625.666666664805,8047.642857142857,15110.401098899358,265.0,304.0,246.0,283.57142857142856,664.2857142857014,285.57142857142856,1866.5714285714262,-102.0,-112.0,-17.0,-112.71428571428571,1162.2380952380859,-112.35714285714286,2346.0934065934152,1,4,0,0,7876.0,283.0,-102.0
2023-04-12,155.0,212.0,181.0,7876,283.0,-102.0,Wednesday,1,7922.0,8054.0,8102.0,8017.571428571428,19007.95238095055,8035.142857142857,15969.0549450533,187.0,284.0,331.0,266.85714285714283,1823.1428571428523,281.35714285714283,2474.401098901097,-35.0,-116.0,-153.0,-101.71428571428571,2027.5714285714191,-113.64285714285714,2105.1703296703377,2,4,0,0,7795.0,370.0,-197.0
2023-04-13,109.0,214.0,173.0,7795,370.0,-197.0,Thursday,1,7876.0,8068.0,7847.0,7992.142857142857,21372.809523807788,8019.0,17292.769230767706,283.0,259.0,352.0,266.7142857142857,1817.5714285714241,277.92857142857144,2272.37912087912,-102.0,-120.0,-179.0,-99.71428571428571,1988.9047619047524,-110.0,1982.1538461538548,3,4,0,0,7380.0,272.0,-80.0
2023-04-16,191.0,283.0,192.0,7380,272.0,-80.0,Sunday,3,7795.0,8175.0,7994.0,7953.142857142857,25116.80952380793,8015.285714285715,18861.9120879106,370.0,260.0,235.0,282.57142857142856,3292.285714285703,279.2142857142857,2500.6428571428555,-197.0,-85.0,-78.0,-110.71428571428571,3356.571428571419,-111.28571428571429,2196.373626373635,6,4,1,0,7344.0,248.0,-52.0
2023-04-17,170.0,297.0,196.0,7344,248.0,-52.0,Monday,1,7380.0,8178.0,8079.0,7839.571428571428,56613.95238095124,7971.428571428572,47800.87912087806,272.0,284.0,223.0,284.2857142857143,3222.571428571416,281.85714285714283,2346.74725274725,-80.0,-74.0,-66.0,-110.0,3402.9999999999905,-111.42857142857143,2186.417582417591,0,4,0,0,7376.0,234.0,-20.0
2023-04-18,152.0,272.0,214.0,7376,234.0,-20.0,Tuesday,1,7344.0,7900.0,8208.0,7720.428571428572,61895.95238095175,7918.928571428572,74224.53296703243,248.0,329.0,267.0,279.14285714285717,3411.142857142848,283.64285714285717,2165.0164835164805,-52.0,-180.0,-108.0,-106.85714285714286,3736.142857142848,-110.42857142857143,2298.2637362637447,1,4,0,0,7356.0,229.0,-5.0
2023-04-19,239.0,367.0,224.0,7356,229.0,-5.0,Wednesday,1,7376.0,7826.0,8158.0,7645.571428571428,69755.95238095203,7859.5,86667.96153846165,234.0,265.0,359.0,265.57142857142856,3121.619047619046,281.2857142857143,2327.2967032967013,-20.0,-102.0,-183.0,-84.0,3492.3333333333244,-104.14285714285714,2884.2857142857238,2,4,0,0,7490.0,320.0,-83.0
2023-04-20,113.0,280.0,237.0,7490,320.0,-83.0,Thursday,1,7356.0,7922.0,7981.0,7578.428571428572,73045.9523809523,7802.214285714285,95780.79670329747,229.0,187.0,304.0,260.42857142857144,3313.619047619048,272.0,1980.1538461538487,-5.0,-35.0,-112.0,-70.14285714285714,4254.476190476181,-91.42857142857143,2987.956043956055,3,4,0,0,7534.0,266.0,-79.0
2023-04-23,196.0,306.0,187.0,7534,266.0,-79.0,Sunday,3,7490.0,7876.0,8054.0,7516.714285714285,50232.23809523828,7767.142857142857,99495.67032967145,320.0,283.0,284.0,279.42857142857144,2585.285714285707,273.14285714285717,2077.208791208793,-83.0,-102.0,-116.0,-77.0,4021.3333333333244,-89.35714285714286,2956.247252747264,6,4,1,0,7796.0,213.0,9.0
2023-04-24,236.0,330.0,222.0,7796,213.0,9.0,Monday,1,7534.0,7795.0,8068.0,7467.857142857143,25982.809523809865,7730.0,95861.38461538614,266.0,370.0,259.0,277.0,2606.333333333327,271.85714285714283,2070.2857142857165,-79.0,-197.0,-120.0,-73.71428571428571,3905.238095238086,-86.71428571428571,2902.373626373638,0,4,0,0,8017.0,202.0,40.0
2023-04-25,81.0,230.0,242.0,8017,202.0,40.0,Tuesday,1,7796.0,7380.0,8175.0,7468.0,26092.00000000036,7710.571428571428,87001.95604395775,213.0,272.0,260.0,254.57142857142858,1260.6190476190513,268.57142857142856,2312.4175824175854,9.0,-80.0,-85.0,-44.285714285714285,1501.9047619047517,-77.5,3430.4230769230903,1,4,0,0,8117.0,256.0,-96.0
2023-04-26,118.0,245.0,160.0,8117,256.0,-96.0,Wednesday,1,8017.0,7344.0,8178.0,7559.0,65373.666666666824,7699.285714285715,77495.9120879139,202.0,248.0,284.0,244.57142857142858,1553.952380952389,264.42857142857144,2629.1868131868173,40.0,-52.0,-74.0,-27.142857142857142,2130.47619047618,-68.57142857142857,4402.2637362637515,2,4,0,0,8159.0,310.0,-102.0
2023-04-27,218.0,283.0,208.0,8159,310.0,-102.0,Thursday,1,8117.0,7376.0,7900.0,7669.428571428572,95336.6190476191,7694.928571428572,73269.1483516502,256.0,234.0,329.0,245.71428571428572,1572.2380952381027,262.42857142857144,2600.8791208791254,-96.0,-20.0,-180.0,-33.42857142857143,2771.6190476190372,-70.14285714285714,4455.208791208806,3,4,0,0,8352.0,293.0,-110.0
2023-04-30,132.0,243.0,183.0,8352,293.0,-110.0,Sunday,3,8159.0,7356.0,7826.0,7781.285714285715,106335.90476190469,7713.428571428572,86231.95604395772,310.0,229.0,265.0,256.57142857142856,2100.6190476190495,261.07142857142856,2432.071428571434,-102.0,-5.0,-102.0,-45.142857142857146,3365.142857142848,-64.57142857142857,3571.494505494521,6,4,1,0,8492.0,237.0,-85.0
2023-05-01,224.0,315.0,152.0,8492,237.0,-85.0,Monday,1,8352.0,7490.0,7922.0,7923.571428571428,106857.61904761892,7751.0,115104.15384615514,293.0,320.0,187.0,265.7142857142857,2097.571428571426,263.07142857142856,2504.99450549451,-110.0,-83.0,-35.0,-60.142857142857146,3535.1428571428482,-65.14285714285714,3622.131868131884,0,5,0,0,8654.0,245.0,-32.0
2023-05-02,167.0,326.0,213.0,8654,245.0,-32.0,Tuesday,1,8492.0,7534.0,7876.0,8066.714285714285,105473.90476190473,7791.714285714285,153306.6813186822,237.0,266.0,283.0,253.85714285714286,1579.8095238095284,266.64285714285717,2098.401098901103,-85.0,-79.0,-102.0,-60.42857142857143,3550.9523809523726,-68.71428571428571,3568.83516483518,1,5,0,0,8704.0,267.0,-35.0
2023-05-03,209.0,353.0,232.0,8704,267.0,-35.0,Wednesday,1,8654.0,7796.0,7795.0,8226.714285714286,85793.90476190473,7847.285714285715,206629.60439560472,245.0,213.0,370.0,250.85714285714286,1557.8095238095302,263.92857142857144,2105.917582417587,-32.0,9.0,-197.0,-53.714285714285715,3575.57142857142,-63.714285714285715,3560.3736263736423,2,5,0,0,8790.0,332.0,-46.0
2023-05-04,153.0,253.0,286.0,8790,332.0,-46.0,Thursday,1,8704.0,8017.0,7380.0,8356.42857142857,73211.61904761902,7912.214285714285,258337.71978021943,267.0,202.0,272.0,258.57142857142856,1292.9523809523826,256.57142857142856,1182.8791208791267,-35.0,40.0,-80.0,-60.0,2932.333333333325,-52.142857142857146,2113.0549450549634,3,5,0,0,8485.0,375.0,-156.0
2023-05-07,180.0,337.0,219.0,8485,375.0,-156.0,Sunday,3,8790.0,8117.0,7344.0,8466.857142857143,71113.4761904762,8012.928571428572,284895.30219780083,332.0,256.0,248.0,277.14285714285717,1255.809523809513,260.85714285714283,1582.4395604395652,-46.0,-96.0,-52.0,-72.28571428571429,1122.2380952380868,-49.714285714285715,2049.9120879121065,6,5,1,0,8590.0,261.0,-72.0
2023-05-08,133.0,287.0,189.0,8590,261.0,-72.0,Monday,1,8485.0,8159.0,7376.0,8519.42857142857,47543.95238095233,8094.428571428572,260464.10989010765,375.0,310.0,234.0,294.14285714285717,2440.1428571428337,269.92857142857144,2483.302197802201,-156.0,-102.0,-20.0,-80.85714285714286,2110.8095238095157,-57.142857142857146,2859.054945054962,0,5,0,0,8606.0,250.0,-3.0
2023-05-09,187.0,310.0,247.0,8606,250.0,-3.0,Tuesday,1,8590.0,8352.0,7356.0,8581.0,22299.666666666428,8181.142857142857,231554.90109889794,261.0,293.0,229.0,287.14285714285717,2524.1428571428387,271.85714285714283,2386.131868131871,-72.0,-110.0,-5.0,-76.57142857142857,2027.9523809523726,-60.857142857142854,2755.0549450549615,1,5,0,0,8681.0,304.0,-94.0
2023-05-10,168.0,285.0,210.0,8681,304.0,-94.0,Wednesday,1,8606.0,8492.0,7490.0,8617.285714285714,12127.57142857107,8270.42857142857,184480.72527472113,250.0,237.0,320.0,281.0,2704.333333333319,273.35714285714283,2279.1703296703326,-3.0,-85.0,-83.0,-61.285714285714285,2471.2380952380868,-60.714285714285715,2772.527472527489,2,5,0,0,8672.0,392.0,-188.0
2023-05-11,269.0,412.0,204.0,8672,392.0,-188.0,Thursday,1,8681.0,8654.0,7534.0,8644.285714285714,9337.571428570995,8355.5,142802.26923076433,304.0,245.0,266.0,290.57142857142856,2362.9523809523603,272.2142857142857,2182.64285714286,-94.0,-32.0,-79.0,-62.57142857142857,2553.952380952372,-61.5,2818.8846153846316,3,5,0,0,8445.0,288.0,-52.0
2023-05-14,100.0,255.0,236.0,8445,288.0,-52.0,Sunday,3,8672.0,8704.0,7796.0,8646.857142857143,9442.14285714242,8436.785714285714,91479.71978021419,392.0,267.0,213.0,311.57142857142856,3216.9523809523475,281.2142857142857,3196.1813186813188,-188.0,-35.0,9.0,-84.85714285714286,4440.809523809516,-69.28571428571429,3960.9890109890257,6,5,1,0,8571.0,277.0,-100.0
2023-05-15,205.0,294.0,177.0,8571,277.0,-100.0,Monday,1,8445.0,8790.0,8017.0,8609.857142857143,14091.809523809121,8483.142857142857,57585.51648351035,288.0,332.0,202.0,314.57142857142856,2967.9523809523457,286.57142857142856,2810.8791208791195,-52.0,-46.0,40.0,-87.28571428571429,4199.57142857142,-73.64285714285714,3492.0934065934202,0,5,0,0,8572.0,272.0,-61.0
2023-05-16,161.0,304.0,211.0,8572,272.0,-61.0,Tuesday,1,8571.0,8485.0,8117.0,8578.57142857143,7792.952380952007,8522.714285714286,39778.37362636706,277.0,375.0,256.0,306.7142857142857,3080.571428571398,291.92857142857144,2236.840659340656,-100.0,-156.0,-96.0,-95.0,3872.9999999999923,-83.64285714285714,2444.401098901111,1,5,0,0,8569.0,307.0,-114.0
2023-05-17,57.0,162.0,193.0,8569,307.0,-114.0,Wednesday,1,8572.0,8590.0,8159.0,8591.0,6160.66666666627,8555.214285714286,26165.87362636676,272.0,261.0,310.0,292.0,2251.666666666644,293.07142857142856,2166.68681318681,-61.0,-72.0,-102.0,-81.42857142857143,3230.619047619039,-81.14285714285714,2465.36263736265,2,5,0,0,8474.0,351.0,-199.0
2023-05-18,80.0,122.0,152.0,8474,351.0,-199.0,Thursday,1,8569.0,8606.0,8352.0,8588.0,6230.6666666662795,8584.5,13181.03846153133,307.0,250.0,293.0,298.57142857142856,2078.619047619022,292.85714285714283,2159.51648351648,-114.0,-3.0,-110.0,-87.42857142857143,3350.619047619039,-82.0,2514.153846153858,3,5,0,0,7826.0,343.0,-210.0
2023-05-21,107.0,170.0,133.0,7826,343.0,-210.0,Sunday,3,8474.0,8681.0,8492.0,8569.142857142857,7927.809523809206,8593.214285714286,9880.335164827975,351.0,304.0,237.0,313.0,1900.6666666666335,297.0,2401.076923076919,-199.0,-94.0,-85.0,-115.42857142857143,3322.61904761904,-88.35714285714286,3463.324175824186,6,5,1,0,7848.0,240.0,-101.0
2023-05-22,99.0,156.0,139.0,7848,240.0,-101.0,Monday,1,7826.0,8672.0,8654.0,8447.0,80480.66666666682,8545.642857142857,51933.478021971176,343.0,392.0,245.0,318.57142857142856,2000.9523809523446,304.57142857142856,2225.1868131868064,-210.0,-188.0,-32.0,-132.0,4416.333333333326,-97.28571428571429,4514.835164835174,0,5,0,0,7788.0,246.0,-152.0
2023-05-23,25.0,66.0,94.0,7788,246.0,-152.0,Tuesday,1,7848.0,8445.0,8704.0,8329.285714285714,115677.23809523864,8488.07142857143,84899.76373625723,240.0,288.0,267.0,296.85714285714283,1581.1428571428344,304.2142857142857,2272.7967032966967,-101.0,-52.0,-35.0,-119.57142857142857,3873.61904761904,-102.21428571428571,4161.873626373634,1,5,0,0,7709.0,276.0,-223.0
2023-05-24,35.0,70.0,53.0,7709,276.0,-223.0,Wednesday,1,7788.0,8571.0,8790.0,8235.42857142857,151999.9523809532,8422.642857142857,114403.01648351025,246.0,277.0,332.0,290.85714285714283,1957.142857142838,302.7142857142857,2424.5274725274667,-152.0,-100.0,-46.0,-133.85714285714286,3049.8095238095157,-110.57142857142857,3929.802197802203,2,5,0,0,7546.0,408.0,-344.0
2023-05-25,43.0,73.0,64.0,7546,408.0,-344.0,Thursday,1,7709.0,8572.0,8485.0,8112.285714285715,161728.23809523915,8345.42857142857,136777.34065933467,276.0,272.0,375.0,290.7142857142857,1961.9047619047426,298.7142857142857,2396.219780219775,-223.0,-61.0,-156.0,-151.42857142857142,3822.9523809523726,-123.21428571428571,4409.258241758244,3,5,0,0,6996.0,207.0,-136.0
2023-05-29,41.0,60.0,71.0,6996,207.0,-136.0,Monday,4,7546.0,8569.0,8590.0,7965.714285714285,154888.23809523927,8278.357142857143,179594.70879120287,408.0,307.0,261.0,310.14285714285717,3755.809523809494,301.07142857142856,2861.3021978021925,-344.0,-114.0,-72.0,-191.85714285714286,6733.809523809516,-136.64285714285714,7882.093406593407,0,5,0,1,7046.0,168.0,-103.0
2023-05-30,65.0,83.0,65.0,7046,168.0,-103.0,Tuesday,1,6996.0,8474.0,8606.0,7741.0,192041.0000000013,8164.5,284658.576923071,207.0,351.0,250.0,295.85714285714283,5289.142857142836,297.2142857142857,3402.4890109890057,-136.0,-199.0,-3.0,-195.0,6231.999999999992,-141.21428571428572,7538.181318681318,1,5,0,0,7053.0,210.0,-128.0
2023-05-31,38.0,80.0,82.0,7053,210.0,-128.0,Wednesday,1,7046.0,7826.0,8681.0,7537.0,134445.00000000125,8053.071428571428,352527.14835164254,168.0,343.0,304.0,269.7142857142857,6709.571428571423,291.35714285714283,4478.401098901095,-103.0,-210.0,-94.0,-181.28571428571428,7420.57142857142,-148.35714285714286,6126.093406593404,2,5,0,0,7002.0,287.0,-219.0
2023-06-01,56.0,82.0,68.0,7002,287.0,-219.0,Thursday,1,7053.0,7848.0,8672.0,7426.571428571428,145340.61904762025,7936.785714285715,384568.33516482945,210.0,240.0,392.0,250.71428571428572,5987.571428571434,284.64285714285717,4926.708791208788,-128.0,-101.0,-188.0,-169.57142857142858,7596.2857142857065,-150.78571428571428,5924.335164835163,3,6,0,0,6555.0,292.0,-212.0
2023-06-04,74.0,103.0,80.0,6555,292.0,-212.0,Sunday,3,7002.0,7788.0,8445.0,7305.714285714285,128742.9047619059,7817.5,394881.9615384558,287.0,246.0,288.0,257.42857142857144,6135.285714285715,277.14285714285717,3979.97802197802,-219.0,-152.0,-52.0,-186.42857142857142,6888.285714285707,-153.0,6170.461538461536,6,6,1,0,6523.0,189.0,-87.0
2023-06-05,68.0,107.0,102.0,6523,189.0,-87.0,Monday,1,6555.0,7709.0,8571.0,7129.571428571428,147707.61904762007,7682.5,467574.26923076354,292.0,276.0,277.0,264.0,6262.333333333329,277.42857142857144,3987.8021978021957,-212.0,-223.0,-100.0,-195.0,6713.999999999993,-164.42857142857142,5512.879120879117,0,6,0,0,6508.0,187.0,-94.0
2023-06-06,92.0,124.0,93.0,6508,187.0,-94.0,Tuesday,1,6523.0,7546.0,8572.0,6960.142857142857,119582.47619047719,7536.214285714285,487221.5659340602,189.0,408.0,272.0,251.57142857142858,6995.61904761905,271.14285714285717,4546.747252747252,-87.0,-344.0,-61.0,-175.57142857142858,8086.952380952374,-163.5,5653.807692307689,1,6,0,0,6483.0,208.0,-101.0
2023-06-07,113.0,162.0,107.0,6483,208.0,-101.0,Wednesday,1,6508.0,6996.0,8569.0,6811.857142857143,70796.47619047716,7388.785714285715,462612.3351648293,187.0,207.0,307.0,220.0,2449.3333333333544,265.07142857142856,5051.609890109889,-94.0,-136.0,-114.0,-139.85714285714286,2979.809523809518,-165.85714285714286,5211.208791208788,2,6,0,0,6446.0,255.0,-124.0
2023-06-08,106.0,196.0,131.0,6446,255.0,-124.0,Thursday,1,6483.0,7046.0,8474.0,6738.571428571428,76903.61904762006,7239.785714285715,394668.3351648291,208.0,168.0,351.0,220.14285714285714,2445.142857142878,258.0,5113.076923076924,-101.0,-103.0,-199.0,-134.85714285714286,3199.809523809518,-164.92857142857142,5326.994505494503,3,6,0,0,6007.0,238.0,-70.0
2023-06-11,86.0,152.0,168.0,6007,238.0,-70.0,Sunday,3,6446.0,7053.0,7826.0,6652.857142857143,66846.47619047713,7094.928571428572,303363.76373625745,255.0,210.0,343.0,232.57142857142858,2014.2857142857276,251.14285714285714,4397.8241758241775,-124.0,-128.0,-210.0,-137.85714285714286,3039.809523809518,-159.57142857142858,5335.64835164835,6,6,1,0,6021.0,177.0,-41.0
2023-06-12,84.0,118.0,136.0,6021,177.0,-41.0,Monday,1,6007.0,7002.0,7848.0,6503.428571428572,83632.28571428644,6965.0,335116.30769230117,238.0,287.0,240.0,236.57142857142858,1915.6190476190588,243.64285714285714,3701.478021978025,-70.0,-219.0,-101.0,-129.57142857142858,3710.9523809523757,-149.57142857142858,5649.4945054945065,0,6,0,0,6061.0,146.0,-29.0
2023-06-13,59.0,64.0,117.0,6061,146.0,-29.0,Tuesday,1,6021.0,6555.0,7788.0,6363.285714285715,58079.571428571806,6834.5,325348.8846153778,177.0,292.0,246.0,220.85714285714286,1795.142857142877,239.14285714285714,4020.285714285718,-41.0,-212.0,-152.0,-104.14285714285714,2931.142857142853,-145.28571428571428,6354.989010989013,1,6,0,0,6065.0,167.0,-115.0
2023-06-14,62.0,97.0,52.0,6065,167.0,-115.0,Wednesday,1,6061.0,6523.0,7709.0,6292.714285714285,61372.904761904945,6711.142857142857,285049.0549450478,146.0,189.0,276.0,200.0,1378.0000000000316,232.0,4629.076923076927,-29.0,-87.0,-223.0,-78.0,1135.9999999999964,-136.5,7308.576923076927,2,6,0,0,6038.0,272.0,-175.0
2023-06-15,91.0,75.0,97.0,6038,272.0,-175.0,Thursday,1,6065.0,6508.0,7546.0,6227.285714285715,56182.238095238106,6593.714285714285,225720.52747252007,167.0,187.0,408.0,196.85714285714286,1527.8095238095573,224.21428571428572,4739.873626373632,-115.0,-94.0,-344.0,-82.0,1331.9999999999961,-128.78571428571428,6704.489010989017,3,6,0,0,5679.0,142.0,-131.0
2023-06-19,29.0,51.0,11.0,5679,142.0,-131.0,Monday,4,6038.0,6483.0,6996.0,6160.142857142857,43760.8095238093,6486.0,167223.38461537694,272.0,208.0,207.0,209.0,2280.666666666693,214.5,2215.6538461538535,-175.0,-101.0,-136.0,-93.57142857142857,2593.28571428571,-116.71428571428571,3148.9890109890202,0,6,0,1,5904.0,134.0,-100.0
2023-06-20,33.0,53.0,34.0,5904,134.0,-100.0,Tuesday,1,5679.0,6446.0,7046.0,6045.285714285715,49580.23809523756,6391.928571428572,187781.609890102,142.0,255.0,168.0,199.57142857142858,2924.9523809524126,209.85714285714286,2592.439560439568,-131.0,-124.0,-103.0,-97.85714285714286,2796.142857142853,-116.35714285714286,3135.9395604395695,1,6,0,0,5922.0,149.0,20.0
2023-06-21,93.0,196.0,169.0,5922,149.0,20.0,Wednesday,1,5904.0,6007.0,7053.0,5967.857142857143,19150.80952380872,6310.357142857143,166020.86263735464,134.0,238.0,210.0,182.28571428571428,2780.9047619048047,207.42857142857142,2893.956043956052,-100.0,-70.0,-128.0,-94.42857142857143,2669.2857142857097,-116.14285714285714,3142.747252747262,2,6,0,0,5956.0,207.0,-46.0
2023-06-22,124.0,234.0,161.0,5956,207.0,-46.0,Thursday,1,5922.0,6021.0,7002.0,5955.714285714285,19073.904761903905,6229.571428571428,128169.64835164024,149.0,177.0,287.0,169.57142857142858,2259.619047619098,203.07142857142858,3135.6098901098985,20.0,-41.0,-219.0,-81.57142857142857,4559.28571428571,-105.57142857142857,4437.340659340673,3,6,0,0,5766.0,263.0,-90.0
2023-06-25,92.0,203.0,173.0,5766,263.0,-90.0,Sunday,3,5956.0,6061.0,6555.0,5946.428571428572,18262.952380951472,6154.857142857143,82019.20879120051,207.0,146.0,292.0,173.85714285714286,2462.4761904762386,197.35714285714286,2559.7857142857238,-46.0,-29.0,-212.0,-82.28571428571429,4495.238095238091,-93.21428571428571,3556.181318681335,6,6,1,0,5819.0,174.0,-2.0
2023-06-26,186.0,259.0,172.0,5819,174.0,-2.0,Monday,1,5766.0,6065.0,6523.0,5904.285714285715,19428.904761903603,6098.5,77913.80769229919,263.0,167.0,189.0,190.57142857142858,3331.619047619084,195.28571428571428,2197.6043956044055,-90.0,-115.0,-87.0,-91.0,3943.33333333333,-84.5,2389.8076923077115,0,6,0,0,5917.0,155.0,65.0
2023-06-27,154.0,225.0,220.0,5917,155.0,65.0,Tuesday,1,5819.0,6038.0,6508.0,5869.142857142857,14895.476190474843,6048.214285714285,67338.33516482644,174.0,272.0,187.0,191.57142857142858,3283.6190476190836,194.21428571428572,2228.181318681329,-2.0,-175.0,-94.0,-74.85714285714286,4863.476190476186,-78.42857142857143,2873.186813186834,1,6,0,0,5999.0,174.0,-2.0
2023-06-28,91.0,199.0,172.0,5999,174.0,-2.0,Wednesday,1,5917.0,5679.0,6483.0,5851.857142857143,10176.47619047476,6006.0,50481.84615383723,155.0,142.0,208.0,174.85714285714286,2102.476190476238,191.92857142857142,2336.84065934067,65.0,-131.0,-101.0,-40.57142857142857,5080.619047619042,-67.07142857142857,4298.071428571453,2,6,0,0,6058.0,213.0,-60.0
2023-06-29,81.0,213.0,153.0,6058,213.0,-60.0,Thursday,1,5999.0,5904.0,6446.0,5897.571428571428,6366.952380951181,5971.428571428572,31696.263736254685,174.0,134.0,255.0,179.42857142857142,1898.2857142857583,189.5,2335.3461538461647,-2.0,-100.0,-124.0,-22.142857142857142,3569.476190476184,-60.0,4481.384615384642,3,6,0,0,5903.0,309.0,-125.0
2023-07-02,209.0,285.0,184.0,5903,309.0,-125.0,Sunday,3,6058.0,5922.0,6007.0,5919.571428571428,10084.95238095127,5943.714285714285,14121.142857133706,213.0,149.0,238.0,190.71428571428572,1593.571428571464,186.5,2038.1153846153964,-60.0,20.0,-70.0,-16.428571428571427,2759.9523809523744,-55.42857142857143,4143.802197802225,6,7,1,0,6127.0,124.0,93.0
2023-07-04,184.0,314.0,217.0,6127,124.0,93.0,Tuesday,2,5903.0,5956.0,6021.0,5916.857142857143,10121.142857141733,5936.285714285715,13881.142857133684,309.0,207.0,177.0,213.57142857142858,3025.9523809523976,191.57142857142858,2960.7252747252855,-125.0,-46.0,-41.0,-37.142857142857146,4002.809523809518,-59.357142857142854,4483.170329670355,1,7,0,1,6193.0,167.0,63.0
2023-07-05,107.0,215.0,230.0,6193,167.0,63.0,Wednesday,1,6127.0,5766.0,6061.0,5941.285714285715,16529.571428570445,5943.857142857143,16065.208791199642,124.0,263.0,146.0,201.71428571428572,4191.904761904788,187.78571428571428,3280.18131868133,93.0,-90.0,-29.0,-17.285714285714285,6352.571428571423,-49.785714285714285,6144.181318681347,2,7,0,0,6239.0,205.0,-27.0
2023-07-06,101.0,162.0,178.0,6239,205.0,-27.0,Thursday,1,6193.0,5819.0,6065.0,6002.285714285715,17627.57142857078,5953.285714285715,19688.681318672196,167.0,174.0,167.0,188.0,3547.333333333371,189.28571428571428,3176.6813186813297,63.0,-2.0,-115.0,4.571428571428571,5988.285714285707,-43.214285714285715,7042.95054945058,3,7,0,0,6214.0,196.0,-20.0
2023-07-09,99.0,190.0,176.0,6214,196.0,-20.0,Sunday,3,6239.0,5917.0,6038.0,6062.285714285715,17167.571428571126,5965.714285714285,24841.75824174916,205.0,155.0,272.0,192.42857142857142,3539.952380952415,192.0,3149.5384615384723,-27.0,65.0,-175.0,1.0,6132.333333333326,-36.92857142857143,6624.225274725307,6,7,1,0,6346.0,163.0,3.0
2023-07-10,167.0,239.0,166.0,6346,163.0,3.0,Monday,1,6214.0,5999.0,5679.0,6104.714285714285,15385.571428571353,5978.285714285715,29011.604395595354,196.0,174.0,142.0,198.28571428571428,3268.571428571458,186.57142857142858,2626.7252747252865,-20.0,-2.0,-131.0,-11.142857142857142,5351.1428571428505,-25.857142857142858,5047.824175824211,0,7,0,0,6498.0,143.0,26.0
2023-07-11,115.0,216.0,169.0,6498,143.0,26.0,Tuesday,1,6346.0,6058.0,5904.0,6154.285714285715,20359.238095238303,6025.928571428572,30078.07142856255,163.0,213.0,134.0,196.71428571428572,3374.9047619047924,188.07142857142858,2514.2252747252865,3.0,-60.0,-100.0,-10.428571428571429,5369.9523809523735,-16.285714285714285,4162.835164835203,1,7,0,0,6521.0,210.0,-17.0
2023-07-12,84.0,158.0,193.0,6521,210.0,-17.0,Wednesday,1,6498.0,5903.0,5922.0,6217.142857142857,33894.476190476795,6068.357142857143,44138.24725273852,143.0,309.0,149.0,186.71428571428572,3694.904761904801,188.71428571428572,2445.1428571428687,26.0,-125.0,20.0,1.8571428571428572,5005.476190476183,-7.285714285714286,3674.0659340659745,2,7,0,0,6604.0,226.0,-34.0
2023-07-13,130.0,227.0,192.0,6604,226.0,-34.0,Thursday,1,6521.0,6127.0,5956.0,6305.428571428572,23741.619047620305,6111.142857142857,56279.51648350788,210.0,124.0,207.0,172.57142857142858,1059.6190476190989,193.07142857142858,2338.225274725285,-17.0,93.0,-46.0,17.285714285714285,2104.904761904754,-9.928571428571429,3616.532967033006,3,7,0,0,6468.0,218.0,-58.0
2023-07-16,88.0,214.0,160.0,6468,218.0,-58.0,Sunday,3,6604.0,6193.0,5766.0,6373.571428571428,27875.619047620887,6157.428571428572,70806.10989010138,226.0,167.0,263.0,187.14285714285714,894.4761904762287,194.42857142857142,2404.7252747252846,-34.0,63.0,-90.0,-0.8571428571428571,1203.8095238095163,-9.071428571428571,3560.2252747253146,6,7,1,0,6632.0,160.0,-1.0
2023-07-17,113.0,208.0,159.0,6632,160.0,-1.0,Monday,1,6468.0,6239.0,5819.0,6412.857142857143,22126.8095238117,6207.571428571428,63732.109890101434,218.0,205.0,174.0,194.42857142857142,923.6190476190792,191.21428571428572,2074.642857142868,-58.0,-27.0,-2.0,-18.142857142857142,719.8095238095166,-6.785714285714286,3234.9505494505897,0,7,0,0,6874.0,181.0,-31.0
2023-07-18,174.0,285.0,150.0,6874,181.0,-31.0,Tuesday,1,6632.0,6214.0,5917.0,6469.0,21415.66666666929,6265.642857142857,62342.86263735421,160.0,196.0,155.0,188.0,1054.3333333333705,190.21428571428572,2125.719780219791,-1.0,-20.0,65.0,-14.428571428571429,739.6190476190403,-6.714285714285714,3235.758241758282,1,7,0,0,7001.0,226.0,-20.0
2023-07-19,104.0,230.0,206.0,7001,226.0,-20.0,Wednesday,1,6874.0,6346.0,5999.0,6563.285714285715,27544.23809524158,6334.0,76429.6923076839,181.0,163.0,174.0,185.85714285714286,1046.4761904762297,192.07142857142858,2033.148351648362,-31.0,3.0,-2.0,-16.0,777.3333333333259,-13.571428571428571,2834.8791208791595,2,7,0,0,7116.0,281.0,-67.0
2023-07-20,147.0,276.0,214.0,7116,281.0,-67.0,Thursday,1,7001.0,6498.0,6058.0,6656.857142857143,41392.80952381389,6405.571428571428,96502.7252747169,226.0,143.0,213.0,194.85714285714286,1133.4761904762222,195.78571428571428,2081.7197802197898,-20.0,26.0,-60.0,-19.285714285714285,707.238095238088,-14.857142857142858,2825.9780219780605,3,7,0,0,7052.0,276.0,-63.0
2023-07-23,108.0,220.0,213.0,7052,276.0,-63.0,Sunday,3,7116.0,6521.0,5903.0,6745.142857142857,63228.809523814736,6481.142857142857,119883.36263735428,281.0,210.0,309.0,214.57142857142858,1468.6190476190634,200.64285714285714,2592.093406593415,-67.0,-17.0,-125.0,-32.57142857142857,538.9523809523739,-15.357142857142858,2878.0934065934443,6,7,1,0,7220.0,187.0,-41.0
2023-07-24,180.0,280.0,146.0,7220,187.0,-41.0,Monday,1,7052.0,6604.0,6127.0,6821.0,63835.66666667256,6563.214285714285,111985.56593405755,276.0,226.0,124.0,224.0,1990.3333333333414,198.28571428571428,2119.7582417582507,-63.0,-34.0,93.0,-39.142857142857146,602.4761904761835,-10.928571428571429,2106.8406593406985,0,7,0,0,7510.0,136.0,50.0
2023-07-25,134.0,294.0,186.0,7510,136.0,50.0,Tuesday,1,7220.0,6468.0,6193.0,6909.0,73486.33333333996,6641.285714285715,123966.527472519,187.0,218.0,167.0,218.42857142857142,2181.61904761906,202.78571428571428,1683.2582417582498,-41.0,-58.0,63.0,-40.142857142857146,597.4761904761835,-20.5,1246.8846153846519,1,7,0,0,7647.0,215.0,-57.0
2023-07-26,202.0,313.0,158.0,7647,215.0,-57.0,Wednesday,1,7510.0,6632.0,6239.0,7057.857142857143,75421.47619048419,6735.357142857143,157029.0164835079,136.0,160.0,205.0,206.71428571428572,3153.9047619047838,200.57142857142858,1922.5714285714375,50.0,-1.0,-27.0,-24.714285714285715,1620.9047619047549,-21.428571428571427,1091.9560439560803,2,7,0,0,7754.0,259.0,-66.0
2023-07-27,110.0,272.0,193.0,7754,259.0,-66.0,Thursday,1,7647.0,6874.0,6214.0,7202.857142857143,78514.80952381894,6835.928571428572,191114.99450548587,215.0,181.0,196.0,214.57142857142858,2729.6190476190636,201.28571428571428,1936.5274725274815,-57.0,-31.0,-20.0,-32.714285714285715,1626.2380952380881,-23.571428571428573,1181.9560439560796,3,7,0,0,7671.0,305.0,-76.0
2023-07-30,166.0,277.0,229.0,7671,305.0,-76.0,Sunday,3,7754.0,7001.0,6346.0,7328.571428571428,92678.61904762978,6945.928571428572,213165.76373625515,259.0,226.0,163.0,225.71428571428572,2725.9047619047687,205.78571428571428,2168.7967032967103,-66.0,-20.0,3.0,-37.714285714285715,1781.2380952380884,-26.857142857142858,1307.8241758242107,6,7,1,0,7800.0,220.0,-42.0
2023-07-31,136.0,276.0,178.0,7800,220.0,-42.0,Monday,1,7671.0,7116.0,6498.0,7424.285714285715,83649.57142858316,7040.571428571428,216274.417582409,305.0,281.0,143.0,237.0,3624.999999999997,215.92857142857142,2674.3791208791245,-76.0,-67.0,26.0,-45.714285714285715,1898.5714285714218,-32.5,1390.7307692308023,0,7,0,0,8103.0,168.0,5.0
2023-08-01,87.0,246.0,173.0,8103,168.0,5.0,Tuesday,1,7800.0,7052.0,6521.0,7522.0,80197.00000001273,7133.571428571428,228679.18681317827,220.0,276.0,210.0,228.28571428571428,3261.9047619047665,221.42857142857142,2233.956043956045,-42.0,-63.0,-17.0,-42.142857142857146,1810.4761904761835,-37.357142857142854,1109.016483516515,1,8,0,0,8261.0,271.0,-114.0
2023-08-02,84.0,171.0,157.0,8261,271.0,-114.0,Wednesday,1,8103.0,7220.0,6604.0,7672.142857142857,73340.4761904904,7246.571428571428,258354.72527471677,168.0,187.0,226.0,212.85714285714286,3210.4761904762086,218.42857142857142,2433.8021978022,5.0,-41.0,-34.0,-32.42857142857143,1998.2857142857074,-35.785714285714285,1212.489010989043,2,8,0,0,8294.0,339.0,-182.0
2023-08-03,167.0,209.0,157.0,8294,339.0,-182.0,Thursday,1,8261.0,7510.0,6468.0,7820.857142857143,71258.47619049178,7364.928571428572,290666.22527471674,271.0,136.0,218.0,224.85714285714286,3494.476190476198,221.64285714285714,2630.862637362639,-114.0,50.0,-58.0,-42.857142857142854,2968.14285714285,-41.5,1647.6538461538769,3,8,0,0,8298.0,322.0,-163.0
2023-08-06,109.0,245.0,159.0,8298,322.0,-163.0,Sunday,3,8294.0,7647.0,6632.0,7932.857142857143,77829.14285715959,7495.357142857143,276860.862637354,339.0,215.0,160.0,253.85714285714286,3368.809523809506,230.28571428571428,3608.8351648351627,-182.0,-57.0,-1.0,-76.0,3476.333333333327,-50.357142857142854,3060.7087912088195,6,8,1,0,8493.0,202.0,-26.0
2023-08-07,156.0,256.0,176.0,8493,202.0,-26.0,Monday,1,8298.0,7754.0,6874.0,8025.857142857143,76341.14285716055,7614.357142857143,253829.78571427695,322.0,259.0,181.0,269.14285714285717,3618.47619047616,241.85714285714286,3731.670329670323,-163.0,-66.0,-31.0,-91.14285714285714,4410.142857142851,-61.92857142857143,3705.148351648377,0,8,0,0,8725.0,207.0,-15.0
2023-08-08,125.0,232.0,192.0,8725,207.0,-15.0,Tuesday,1,8493.0,7671.0,7001.0,8131.428571428572,87390.95238097117,7730.0,256649.69230768358,202.0,305.0,226.0,261.0,4275.333333333309,243.35714285714286,3566.554945054938,-26.0,-76.0,-20.0,-85.42857142857143,4973.952380952375,-61.57142857142857,3730.7252747253006,1,8,0,0,8888.0,251.0,-83.0
2023-08-09,118.0,139.0,168.0,8888,251.0,-83.0,Wednesday,1,8725.0,7800.0,7116.0,8282.0,84329.3333333539,7853.142857142857,275594.7472527385,207.0,220.0,281.0,247.0,4209.99999999999,242.0,3643.0769230769165,-15.0,-42.0,-67.0,-76.71428571428571,5697.238095238089,-61.214285714285715,3764.489010989037,2,8,0,0,8914.0,353.0,-214.0
2023-08-10,142.0,235.0,139.0,8914,353.0,-214.0,Thursday,1,8888.0,8103.0,7052.0,8437.42857142857,78630.28571430837,7979.714285714285,298922.83516482654,251.0,168.0,276.0,251.42857142857142,4068.2857142856997,239.85714285714286,3527.3626373626316,-83.0,5.0,-63.0,-82.57142857142857,5462.952380952374,-62.357142857142854,3797.016483516509,3,8,0,0,9634.0,288.0,-113.0
2023-08-16,148.0,245.0,175.0,9634,288.0,-113.0,Wednesday,6,8914.0,8261.0,7220.0,8553.285714285714,82183.2380952625,8112.714285714285,280814.3736263651,353.0,271.0,187.0,277.85714285714283,3812.809523809486,245.35714285714286,4379.016483516476,-214.0,-114.0,-41.0,-113.85714285714286,5921.809523809518,-73.14285714285714,5440.593406593429,2,8,0,0,9694.0,407.0,-197.0
2023-08-17,119.0,219.0,210.0,9694,407.0,-197.0,Thursday,1,9634.0,8294.0,7510.0,8749.42857142857,217717.95238097964,8285.142857142857,365516.593406585,288.0,339.0,136.0,280.2857142857143,3815.2380952380554,252.57142857142858,4200.879120879111,-113.0,-182.0,50.0,-113.71428571428571,5921.904761904756,-78.28571428571429,5454.835164835186,3,8,0,0,9483.0,390.0,-241.0
2023-08-20,105.0,210.0,149.0,9483,390.0,-241.0,Sunday,3,9694.0,8298.0,7647.0,8949.42857142857,285184.6190476491,8441.142857142857,445772.59340658505,407.0,322.0,215.0,290.0,5806.666666666618,271.92857142857144,4586.53296703295,-197.0,-163.0,-57.0,-115.85714285714286,6295.4761904761845,-95.92857142857143,4937.763736263752,6,8,1,0,9668.0,281.0,-118.0
2023-08-21,143.0,203.0,163.0,9668,281.0,-118.0,Monday,1,9483.0,8493.0,7754.0,9118.714285714286,228473.9047619373,8572.285714285714,462236.0659340576,390.0,202.0,259.0,299.7142857142857,7192.571428571372,284.42857142857144,5241.340659340638,-241.0,-26.0,-66.0,-127.0,8390.333333333327,-109.07142857142857,6254.07142857144,0,8,0,0,9921.0,230.0,-78.0
2023-08-22,119.0,209.0,152.0,9921,230.0,-78.0,Tuesday,1,9668.0,8725.0,7671.0,9286.57142857143,180634.6190476541,8709.0,482953.53846153006,281.0,207.0,305.0,311.0,5510.999999999934,286.0,5189.8461538461315,-118.0,-15.0,-76.0,-140.14285714285714,6502.142857142851,-112.78571428571429,6102.642857142869,1,8,0,0,10071.0,285.0,-104.0
2023-08-23,155.0,212.0,181.0,10071,285.0,-104.0,Wednesday,1,9921.0,8888.0,7800.0,9457.42857142857,161099.95238099006,8869.714285714286,485252.98901098047,230.0,251.0,220.0,314.2857142857143,4789.238095238026,280.64285714285717,5372.401098901079,-78.0,-83.0,-42.0,-149.14285714285714,4441.142857142851,-112.92857142857143,6091.609890109901,2,8,0,0,10026.0,443.0,-270.0
2023-08-24,109.0,214.0,173.0,10026,443.0,-270.0,Thursday,1,10071.0,8914.0,8103.0,9626.42857142857,136482.28571432576,9031.92857142857,479899.91758240905,285.0,353.0,168.0,319.14285714285717,4237.142857142783,285.2857142857143,5067.75824175822,-104.0,-214.0,5.0,-152.14285714285714,4041.1428571428514,-117.35714285714286,5689.631868131877,3,8,0,0,9873.0,488.0,-296.0
2023-08-27,191.0,283.0,192.0,9873,488.0,-296.0,Sunday,3,10026.0,9634.0,8261.0,9785.285714285714,49057.9047619472,9169.285714285714,469217.7582417498,443.0,288.0,271.0,332.0,6409.999999999913,304.92857142857144,5507.456043956015,-270.0,-113.0,-114.0,-160.14285714285714,5643.809523809519,-137.0,5914.769230769234,6,8,1,0,10012.0,388.0,-192.0
2023-08-28,170.0,297.0,196.0,10012,388.0,-192.0,Monday,1,9873.0,9694.0,8294.0,9819.42857142857,45165.619047661974,9284.42857142857,429573.1868131785,488.0,407.0,339.0,360.57142857142856,9190.952380952262,320.42857142857144,7738.2637362637015,-296.0,-197.0,-182.0,-186.28571428571428,7552.238095238092,-150.0,7636.7692307692305,0,8,0,0,10180.0,286.0,-72.0
2023-08-29,152.0,272.0,214.0,10180,286.0,-72.0,Tuesday,1,10012.0,9483.0,8298.0,9864.857142857143,46316.47619051972,9407.142857142857,378618.4395604316,388.0,390.0,322.0,357.85714285714283,8948.476190476074,323.92857142857144,8049.7637362637,-192.0,-241.0,-163.0,-185.57142857142858,7537.952380952377,-150.71428571428572,7693.142857142857,1,8,0,0,10280.0,366.0,-142.0
2023-08-30,239.0,367.0,224.0,10280,366.0,-142.0,Wednesday,1,10180.0,9668.0,8493.0,9964.42857142857,26999.6190476637,9541.57142857143,310473.49450548727,286.0,281.0,202.0,343.0,9379.333333333236,321.35714285714283,8153.016483516448,-72.0,-118.0,-26.0,-161.42857142857142,8495.619047619044,-144.21428571428572,8112.64285714286,2,8,0,0,10140.0,505.0,-268.0
2023-08-31,113.0,280.0,237.0,10140,505.0,-268.0,Thursday,1,10280.0,9921.0,8725.0,10051.857142857143,20034.47619052167,9669.214285714286,250294.7967032903,366.0,230.0,207.0,355.14285714285717,8654.809523809412,333.07142857142856,7062.686813186773,-142.0,-78.0,-15.0,-164.85714285714286,8230.476190476185,-152.5,6964.115384615384,3,8,0,0,9988.0,293.0,-106.0
2023-09-04,196.0,306.0,187.0,9988,293.0,-106.0,Monday,4,10140.0,10071.0,8888.0,10083.142857142857,17333.47619052193,9770.285714285714,187762.68131867558,505.0,285.0,251.0,394.42857142857144,7986.952380952219,354.35714285714283,7625.939560439514,-268.0,-104.0,-83.0,-192.0,7886.6666666666615,-170.57142857142858,6184.263736263729,0,9,0,1,10142.0,243.0,-21.0
2023-09-05,236.0,330.0,222.0,10142,243.0,-21.0,Tuesday,1,9988.0,10026.0,8914.0,10071.285714285714,18653.57142861706,9848.857142857143,124881.36263735725,293.0,443.0,353.0,395.57142857142856,7704.285714285551,357.35714285714283,7084.093406593359,-106.0,-270.0,-214.0,-192.28571428571428,7828.571428571424,-172.21428571428572,5912.181318681311,1,9,0,0,10356.0,291.0,-49.0
2023-09-06,81.0,230.0,242.0,10356,291.0,-49.0,Wednesday,1,10142.0,9873.0,9634.0,10087.857142857143,18824.809523855307,9936.57142857143,55978.41758241252,243.0,488.0,288.0,367.0,10256.66666666654,349.5,8022.11538461534,-21.0,-296.0,-113.0,-156.71428571428572,10235.571428571422,-158.42857142857142,7332.109890109888,2,9,0,0,10419.0,398.0,-238.0
2023-09-07,118.0,245.0,160.0,10419,398.0,-238.0,Thursday,1,10356.0,10012.0,9694.0,10156.857142857143,17559.80952385587,9988.142857142857,59604.28571428082,291.0,388.0,407.0,338.85714285714283,7855.142857142768,349.7142857142857,7994.373626373582,-49.0,-192.0,-197.0,-121.42857142857143,7483.2857142857065,-153.85714285714286,8071.9780219780205,3,9,0,0,10282.0,382.0,-174.0
2023-09-10,218.0,283.0,208.0,10282,382.0,-174.0,Sunday,3,10419.0,10180.0,9483.0,10215.0,21571.666666713467,10039.92857142857,64340.68681318216,398.0,286.0,390.0,340.2857142857143,8033.2380952380045,349.07142857142856,7920.840659340614,-238.0,-72.0,-241.0,-128.0,8867.666666666659,-156.78571428571428,8464.181318681316,6,9,1,0,10492.0,277.0,-94.0
2023-09-11,132.0,243.0,183.0,10492,277.0,-94.0,Monday,1,10282.0,10280.0,9668.0,10229.57142857143,21867.952380999322,10097.0,41481.38461538023,382.0,366.0,281.0,354.0,7612.666666666558,348.5,7875.0384615384155,-174.0,-142.0,-118.0,-142.57142857142858,8449.952380952374,-152.0,7916.7692307692305,0,9,0,0,10649.0,316.0,-164.0
2023-09-12,224.0,315.0,152.0,10649,316.0,-164.0,Tuesday,1,10492.0,10140.0,9921.0,10259.857142857143,31852.142857190174,10155.857142857143,35595.67032966616,277.0,505.0,230.0,341.2857142857143,8388.238095238003,348.2142857142857,7917.719780219734,-94.0,-268.0,-78.0,-135.71428571428572,8788.238095238088,-150.28571428571428,8083.450549450549,1,9,0,0,10678.0,343.0,-130.0
2023-09-13,167.0,326.0,213.0,10678,343.0,-130.0,Wednesday,1,10649.0,9988.0,10071.0,10332.57142857143,48527.9523810007,10207.857142857143,47147.670329666376,316.0,293.0,285.0,314.2857142857143,3177.238095238039,354.35714285714283,6881.939560439514,-164.0,-106.0,-104.0,-120.85714285714286,5747.476190476183,-156.42857142857142,7655.340659340658,2,9,0,0,10837.0,414.0,-182.0
2023-09-14,209.0,353.0,232.0,10837,414.0,-182.0,Thursday,1,10678.0,10142.0,10026.0,10431.142857142857,37290.809523859265,10251.214285714286,60685.10439560059,343.0,243.0,443.0,321.42857142857144,3179.619047618982,358.5,6503.346153846106,-130.0,-21.0,-270.0,-124.28571428571429,5710.904761904753,-158.28571428571428,7493.912087912085,3,9,0,0,10799.0,427.0,-141.0
2023-09-17,153.0,253.0,286.0,10799,427.0,-141.0,Sunday,3,10837.0,10356.0,9873.0,10530.42857142857,39309.619047670145,10309.142857142857,79565.36263735889,414.0,291.0,488.0,345.85714285714283,2886.4761904760912,356.42857142857144,6186.417582417534,-182.0,-49.0,-296.0,-147.28571428571428,3870.9047619047547,-152.0,6534.615384615384,6,9,1,0,10892.0,313.0,-94.0
2023-09-18,180.0,337.0,219.0,10892,313.0,-94.0,Monday,1,10799.0,10419.0,10012.0,10593.714285714286,41587.9047619568,10375.285714285714,78680.0659340623,427.0,398.0,388.0,365.2857142857143,3041.9047619046364,352.07142857142856,5217.456043955996,-141.0,-238.0,-192.0,-160.42857142857142,2065.952380952375,-140.92857142857142,4816.840659340663,0,9,0,0,11095.0,260.0,-71.0
2023-09-19,133.0,287.0,189.0,11095,260.0,-71.0,Tuesday,1,10892.0,10282.0,10180.0,10661.285714285714,46002.57142862462,10438.142857142857,84811.0549450513,313.0,382.0,286.0,353.14285714285717,3147.1428571427477,346.7142857142857,5204.681318681273,-94.0,-174.0,-72.0,-139.85714285714286,1304.8095238095157,-133.92857142857142,4732.840659340665,1,9,0,0,11064.0,364.0,-117.0
2023-09-20,187.0,310.0,247.0,11064,364.0,-117.0,Wednesday,1,11095.0,10492.0,10280.0,10777.42857142857,37640.28571434104,10503.5,108274.26923076561,260.0,277.0,366.0,335.7142857142857,4099.904761904678,344.85714285714283,5495.82417582413,-71.0,-94.0,-142.0,-125.14285714285714,1648.142857142847,-133.85714285714286,4742.439560439567,2,9,0,0,11067.0,428.0,-218.0
2023-09-21,168.0,285.0,210.0,11067,428.0,-218.0,Thursday,1,11064.0,10649.0,10140.0,10859.142857142857,29959.14285719967,10559.5,125220.7307692271,364.0,316.0,505.0,348.14285714285717,3478.4761904760876,344.7142857142857,5489.6043956043495,-117.0,-164.0,-268.0,-128.42857142857142,1484.9523809523714,-132.07142857142858,4755.763736263743,3,9,0,0,10744.0,403.0,-199.0
2023-09-24,269.0,412.0,204.0,10744,403.0,-199.0,Sunday,3,11067.0,10678.0,9988.0,10918.857142857143,25639.809523867483,10625.714285714286,126774.2197802161,428.0,343.0,293.0,364.14285714285717,4070.4761904760635,339.2142857142857,4014.3351648351213,-218.0,-130.0,-106.0,-136.14285714285714,2541.809523809515,-128.5,3888.7307692307772,6,9,1,0,10842.0,284.0,-48.0
2023-09-25,100.0,255.0,236.0,10842,284.0,-48.0,Monday,1,10744.0,10837.0,10142.0,10928.285714285714,20963.238095296223,10679.714285714286,93427.14285713916,403.0,414.0,243.0,372.7142857142857,4161.904761904622,347.07142857142856,4096.532967032921,-199.0,-182.0,-21.0,-146.0,3080.6666666666592,-135.14285714285714,4184.593406593412,0,9,0,0,10978.0,332.0,-155.0
2023-09-26,205.0,294.0,177.0,10978,332.0,-155.0,Tuesday,1,10842.0,10799.0,10356.0,10929.0,20814.666666724817,10729.714285714286,70519.45054944679,284.0,427.0,291.0,354.14285714285717,4787.142857142743,350.0,3560.1538461537993,-48.0,-141.0,-49.0,-126.85714285714286,4037.8095238095143,-137.07142857142858,3762.532967032971,1,9,0,0,11017.0,331.0,-120.0
2023-09-27,161.0,304.0,211.0,11017,331.0,-120.0,Wednesday,1,10978.0,10892.0,10419.0,10954.57142857143,17635.285714344383,10774.142857142857,62392.43956043576,332.0,313.0,398.0,340.57142857142856,3769.285714285619,352.92857142857144,3308.0714285713807,-155.0,-94.0,-238.0,-128.85714285714286,4131.809523809515,-144.64285714285714,3128.862637362639,2,9,0,0,10984.0,447.0,-254.0
2023-09-28,57.0,162.0,193.0,10984,447.0,-254.0,Thursday,1,11017.0,11095.0,10282.0,10972.42857142857,17260.285714344715,10816.857142857143,55262.43956043575,331.0,260.0,382.0,343.14285714285717,3650.1428571427587,348.14285714285717,3164.131868131822,-120.0,-71.0,-174.0,-132.57142857142858,3926.285714285705,-136.21428571428572,2428.642857142862,3,9,0,0,10598.0,493.0,-341.0
2023-10-01,80.0,122.0,152.0,10598,493.0,-341.0,Sunday,3,10984.0,11064.0,10492.0,10956.57142857143,14485.285714344425,10867.0,32698.153846150024,447.0,364.0,277.0,369.85714285714283,3463.142857142722,352.7857142857143,3804.4890109889625,-254.0,-117.0,-94.0,-158.71428571428572,4954.571428571422,-141.92857142857142,3350.840659340662,6,10,1,0,10724.0,284.0,-151.0
2023-10-02,107.0,170.0,133.0,10724,284.0,-151.0,Monday,1,10598.0,11067.0,10649.0,10890.0,28820.333333390707,10874.57142857143,27385.34065933685,493.0,428.0,316.0,388.2857142857143,5588.5714285712675,368.2142857142857,4618.6428571428005,-341.0,-218.0,-164.0,-190.71428571428572,9007.904761904758,-159.57142857142858,5887.340659340655,0,10,0,0,10818.0,287.0,-148.0
2023-10-03,99.0,156.0,139.0,10818,287.0,-148.0,Tuesday,1,10724.0,10744.0,10678.0,10841.0,25390.333333389648,10879.92857142857,25184.379120875306,284.0,403.0,343.0,367.7142857142857,6644.571428571297,365.92857142857144,4948.840659340604,-151.0,-199.0,-130.0,-181.14285714285714,9039.809523809517,-158.64285714285714,5890.554945054942,1,10,0,0,10963.0,330.0,-236.0
2023-10-04,25.0,66.0,94.0,10963,330.0,-236.0,Wednesday,1,10818.0,10842.0,10837.0,10851.57142857143,23779.952381008916,10889.92857142857,22235.148351644522,287.0,284.0,414.0,351.14285714285717,7202.476190476081,361.92857142857144,5370.379120879068,-148.0,-48.0,-182.0,-173.85714285714286,9107.809523809517,-159.92857142857142,5834.379120879117,2,10,0,0,11130.0,427.0,-374.0
2023-10-05,35.0,70.0,53.0,11130,427.0,-374.0,Thursday,1,10963.0,10978.0,10799.0,10868.857142857143,25485.47619053307,10898.92857142857,22343.148351644497,330.0,332.0,427.0,357.7142857142857,6475.238095237976,355.92857142857144,5201.456043955993,-236.0,-155.0,-141.0,-200.71428571428572,6269.90476190476,-163.78571428571428,6226.027472527467,3,10,0,0,10815.0,282.0,-218.0
2023-10-09,43.0,73.0,64.0,10815,282.0,-218.0,Monday,4,11130.0,11017.0,10892.0,10890.57142857143,34315.95238100967,10922.57142857143,25080.26373625978,427.0,331.0,313.0,371.2857142857143,6950.238095237957,355.92857142857144,5201.456043955993,-374.0,-120.0,-94.0,-232.0,9784.333333333336,-180.42857142857142,9287.032967032956,0,10,0,1,10910.0,257.0,-186.0
2023-10-10,41.0,60.0,71.0,10910,257.0,-186.0,Tuesday,1,10815.0,10984.0,11095.0,10861.714285714286,31632.238095294844,10917.07142857143,25865.917582413662,282.0,447.0,260.0,364.2857142857143,7951.238095237967,353.7142857142857,5474.8351648351145,-218.0,-254.0,-71.0,-246.0,7497.6666666666715,-189.28571428571428,8736.527472527458,1,10,0,0,10960.0,266.0,-201.0
2023-10-11,65.0,83.0,65.0,10960,266.0,-201.0,Wednesday,1,10910.0,10598.0,11064.0,10851.142857142857,29398.142857199404,10903.857142857143,23246.43956043572,257.0,493.0,364.0,337.14285714285717,7869.809523809436,353.5,5518.73076923072,-186.0,-341.0,-117.0,-236.28571428571428,7976.904761904766,-197.5,7588.423076923058,2,10,0,0,10992.0,398.0,-316.0
2023-10-12,38.0,80.0,82.0,10992,398.0,-316.0,Thursday,1,10960.0,10724.0,11067.0,10902.857142857143,17572.809523867163,10896.42857142857,21456.725274721503,266.0,284.0,428.0,304.7142857142857,3437.904761904723,346.5,6046.423076923031,-201.0,-151.0,-218.0,-216.28571428571428,5890.238095238096,-203.5,7052.115384615363,3,10,0,0,10571.0,434.0,-366.0
2023-10-15,56.0,82.0,68.0,10571,434.0,-366.0,Sunday,3,10992.0,10818.0,10744.0,10941.142857142857,11855.47619053458,10891.07142857143,19890.3791208754,398.0,287.0,403.0,321.0,4507.333333333269,344.35714285714283,5734.554945054901,-316.0,-148.0,-199.0,-239.85714285714286,6188.8095238095275,-210.5,7956.730769230745,6,10,1,0,10629.0,331.0,-251.0
2023-10-16,74.0,103.0,80.0,10629,331.0,-251.0,Monday,1,10571.0,10963.0,10842.0,10905.857142857143,30709.809523867178,10878.714285714286,25942.52747252387,434.0,330.0,284.0,342.0,5928.333333333238,346.57142857142856,6082.879120879077,-366.0,-236.0,-48.0,-271.0,6303.000000000007,-222.42857142857142,9653.34065934063,0,10,0,0,10630.0,315.0,-213.0
2023-10-17,68.0,107.0,102.0,10630,315.0,-213.0,Tuesday,1,10629.0,11130.0,10978.0,10858.142857142857,40284.47619053284,10863.5,30386.26923076576,331.0,427.0,332.0,342.14285714285717,5924.476190476096,349.92857142857144,5788.22527472523,-251.0,-374.0,-155.0,-273.14285714285717,6160.142857142865,-236.92857142857142,7149.302197802163,1,10,0,0,10511.0,393.0,-300.0
2023-10-18,92.0,124.0,93.0,10511,393.0,-300.0,Wednesday,1,10630.0,10815.0,11017.0,10786.714285714286,30689.238095293254,10838.642857142857,32906.40109889783,315.0,282.0,331.0,326.14285714285717,4548.476190476121,348.7142857142857,5855.758241758197,-213.0,-218.0,-120.0,-250.14285714285714,4450.4761904761945,-241.07142857142858,6658.532967032932,2,10,0,0,10319.0,406.0,-299.0
2023-10-19,113.0,162.0,107.0,10319,406.0,-299.0,Thursday,1,10511.0,10910.0,10984.0,10743.285714285714,41025.2380952923,10802.5,37310.26923076621,393.0,257.0,447.0,342.0,4675.333333333239,353.14285714285717,5961.362637362592,-300.0,-186.0,-254.0,-261.85714285714283,4532.476190476195,-253.92857142857142,5620.071428571389,3,10,0,0,9506.0,454.0,-323.0
2023-10-22,106.0,196.0,131.0,9506,454.0,-323.0,Sunday,3,10319.0,10960.0,10598.0,10658.857142857143,58079.80952386191,10755.0,50328.92307692039,406.0,266.0,493.0,363.2857142857143,3625.2380952379694,350.2142857142857,5489.412087912044,-299.0,-201.0,-341.0,-278.0,3499.333333333339,-257.14285714285717,5765.20879120875,6,10,1,0,9436.0,327.0,-159.0
2023-10-23,86.0,152.0,168.0,9436,327.0,-159.0,Monday,1,9506.0,10992.0,10724.0,10451.142857142857,214142.47619052464,10677.0,161880.92307692103,454.0,398.0,284.0,390.14285714285717,2577.809523809355,347.42857142857144,4741.340659340615,-323.0,-316.0,-151.0,-295.42857142857144,2494.2857142857206,-255.85714285714286,5556.131868131827,0,10,0,0,9396.0,300.0,-164.0
2023-10-24,84.0,118.0,136.0,9396,300.0,-164.0,Tuesday,1,9436.0,10571.0,10818.0,10228.857142857143,279494.47619052074,10585.0,271063.692307691,327.0,434.0,287.0,380.0,3111.9999999998486,350.5,4453.807692307647,-159.0,-366.0,-148.0,-273.0,4939.000000000004,-256.42857142857144,5431.6483516483095,1,10,0,0,9351.0,293.0,-176.0
2023-10-25,59.0,64.0,117.0,9351,293.0,-176.0,Wednesday,1,9396.0,10629.0,10963.0,10061.0,342720.66666670836,10483.42857142857,364525.0329670325,300.0,331.0,330.0,360.85714285714283,3265.142857142738,351.42857142857144,4338.879120879075,-164.0,-251.0,-236.0,-244.14285714285714,4506.142857142858,-257.57142857142856,5183.032967032924,2,10,0,0,9235.0,390.0,-338.0
2023-10-26,62.0,97.0,52.0,9235,390.0,-338.0,Thursday,1,9351.0,10630.0,11130.0,9878.42857142857,334078.9523809909,10368.285714285714,431201.60439560504,293.0,315.0,427.0,355.42857142857144,3849.619047618937,348.7857142857143,4558.642857142812,-176.0,-213.0,-374.0,-233.42857142857142,5138.285714285713,-253.28571428571428,5639.296703296661,3,10,0,0,8925.0,418.0,-321.0
2023-10-29,91.0,75.0,97.0,8925,418.0,-321.0,Sunday,3,9235.0,10511.0,10815.0,9679.142857142857,262601.80952384433,10232.92857142857,465634.379120881,390.0,393.0,282.0,366.14285714285717,3642.476190476062,346.14285714285717,4211.208791208747,-338.0,-300.0,-218.0,-251.28571428571428,6519.238095238095,-250.71428571428572,5063.296703296662,6,10,1,0,9026.0,278.0,-267.0
2023-10-30,29.0,51.0,11.0,9026,278.0,-267.0,Monday,1,8925.0,10319.0,10910.0,9452.57142857143,182168.95238098304,10097.92857142857,551535.9175824209,418.0,406.0,257.0,369.7142857142857,3955.5714285712947,355.85714285714283,4190.285714285668,-321.0,-299.0,-186.0,-254.28571428571428,6923.238095238095,-258.07142857142856,5302.686813186769,0,10,0,0,9072.0,295.0,-261.0
2023-10-31,33.0,53.0,34.0,9072,295.0,-261.0,Tuesday,1,9026.0,9506.0,10960.0,9267.857142857143,47573.809523836586,9963.357142857143,569692.7087912132,278.0,454.0,266.0,351.42857142857144,4747.952380952277,357.35714285714283,3902.4010989010526,-267.0,-323.0,-201.0,-249.71428571428572,6592.5714285714275,-263.85714285714283,4873.208791208745,1,10,0,0,9250.0,279.0,-82.0
2023-11-01,132.0,235.0,197.0,9250,279.0,-82.0,Wednesday,1,9072.0,9436.0,10992.0,9205.857142857143,40030.47619050201,9828.5,534816.5769230825,295.0,327.0,398.0,328.7142857142857,2923.2380952380295,359.42857142857144,3554.8791208790744,-261.0,-159.0,-316.0,-240.85714285714286,5627.142857142855,-268.14285714285717,4550.131868131821,2,11,0,0,9442.0,330.0,-74.0
2023-11-02,174.0,208.0,256.0,9442,330.0,-74.0,Thursday,1,9250.0,9396.0,10571.0,9179.285714285714,30703.904761930036,9704.07142857143,439753.14835165493,279.0,300.0,434.0,321.85714285714283,3279.809523809469,350.92857142857144,3860.22527472523,-82.0,-164.0,-366.0,-229.85714285714286,8575.142857142853,-251.42857142857142,6738.417582417541,3,11,0,0,9273.0,370.0,-203.0
2023-11-05,123.0,230.0,167.0,9273,370.0,-203.0,Sunday,3,9442.0,9351.0,10629.0,9185.857142857143,34329.142857168335,9623.42857142857,380220.10989011696,330.0,293.0,331.0,326.14285714285717,3189.8095238094625,343.5,3303.6538461538025,-74.0,-176.0,-251.0,-217.0,11707.999999999995,-230.57142857142858,7681.8021978021625,6,11,1,0,9286.0,316.0,-157.0
2023-11-06,123.0,233.0,159.0,9286,316.0,-157.0,Monday,1,9273.0,9235.0,10630.0,9174.714285714286,30904.571428596628,9526.57142857143,301780.7252747329,370.0,390.0,315.0,337.14285714285717,3186.1428571427773,346.2857142857143,3337.2967032966594,-203.0,-338.0,-213.0,-220.85714285714286,11443.142857142853,-227.14285714285714,7695.516483516449,0,11,0,0,9483.0,231.0,-43.0
2023-11-07,141.0,232.0,188.0,9483,231.0,-43.0,Tuesday,1,9286.0,8925.0,10511.0,9182.0,32301.000000025346,9430.57142857143,202649.64835165648,316.0,418.0,393.0,326.57142857142856,2664.6190476189854,346.35714285714283,3332.5549450549006,-157.0,-321.0,-300.0,-195.0,9055.666666666659,-223.14285714285714,8041.362637362604,1,11,0,0,9634.0,310.0,-119.0
2023-11-08,158.0,226.0,191.0,9634,310.0,-119.0,Wednesday,1,9483.0,9026.0,10319.0,9261.714285714286,28979.571428598418,9357.142857142857,107260.28571429424,231.0,278.0,406.0,299.85714285714283,1961.1428571428398,334.7857142857143,4044.642857142814,-43.0,-267.0,-299.0,-155.28571428571428,8420.238095238083,-204.78571428571428,9720.335164835136,2,11,0,0,9477.0,313.0,-80.0
2023-11-12,96.0,160.0,233.0,9477,313.0,-80.0,Sunday,4,9634.0,9072.0,9506.0,9348.57142857143,34017.28571431461,9308.214285714286,39411.41208792079,310.0,295.0,454.0,304.42857142857144,1874.2857142856892,327.92857142857144,3651.14835164831,-119.0,-261.0,-323.0,-134.14285714285714,6038.142857142844,-191.92857142857142,9425.609890109867,6,11,1,0,9510.0,287.0,-158.0
2023-11-13,141.0,173.0,129.0,9510,287.0,-158.0,Monday,1,9477.0,9250.0,9436.0,9406.42857142857,20112.285714315956,9306.142857142857,38589.05494506366,313.0,279.0,327.0,307.0,1863.9999999999702,317.85714285714283,2336.43956043952,-80.0,-82.0,-159.0,-108.28571428571429,3064.571428571413,-174.57142857142858,8743.340659340642,0,11,0,0,9665.0,247.0,-65.0
2023-11-14,116.0,181.0,182.0,9665,247.0,-65.0,Tuesday,1,9510.0,9442.0,9396.0,9443.57142857143,16212.285714316793,9311.42857142857,40458.57142858016,287.0,330.0,300.0,308.14285714285717,1798.4761904761588,315.0,2394.461538461498,-158.0,-74.0,-164.0,-119.14285714285714,3223.809523809509,-174.5,8745.807692307675,1,11,0,0,9762.0,316.0,-115.0
2023-11-15,150.0,157.0,201.0,9762,316.0,-115.0,Wednesday,1,9665.0,9273.0,9351.0,9475.42857142857,23199.61904765088,9330.642857142857,49127.17032967907,247.0,370.0,293.0,296.2857142857143,2177.904761904753,311.2142857142857,2717.412087912048,-65.0,-203.0,-176.0,-117.85714285714286,3370.809523809509,-167.42857142857142,9605.802197802184,2,11,0,0,9762.0,374.0,-249.0
2023-11-16,80.0,176.0,125.0,9762,374.0,-249.0,Thursday,1,9762.0,9286.0,9235.0,9545.285714285714,24363.90476193819,9360.0,62480.153846162684,316.0,316.0,390.0,288.57142857142856,1267.6190476190538,312.85714285714283,2690.7472527472123,-115.0,-157.0,-338.0,-105.28571428571429,1979.5714285714128,-163.07142857142858,9791.148351648339,3,11,0,0,9573.0,435.0,-271.0
2023-11-19,116.0,188.0,164.0,9573,435.0,-271.0,Sunday,3,9762.0,9483.0,8925.0,9613.285714285714,15591.904761939693,9397.642857142857,72183.32417583316,374.0,231.0,418.0,296.85714285714283,2278.4761904761804,311.7142857142857,2519.1428571428164,-249.0,-43.0,-321.0,-118.42857142857143,4774.619047619033,-156.71428571428572,7961.758241758232,6,11,1,0,9638.0,298.0,-140.0
2023-11-20,105.0,185.0,158.0,9638,298.0,-140.0,Monday,1,9573.0,9634.0,9026.0,9626.142857142857,12840.476190511408,9443.92857142857,55057.60989011906,435.0,310.0,278.0,326.0,3745.333333333268,312.92857142857144,2817.7637362636956,-271.0,-119.0,-267.0,-151.0,6468.333333333322,-153.14285714285714,6876.593406593398,0,11,0,0,9804.0,250.0,-127.0
2023-11-21,136.0,246.0,123.0,9804,250.0,-127.0,Tuesday,1,9638.0,9477.0,9072.0,9626.714285714286,12853.238095273324,9487.642857142857,42461.17032967975,298.0,313.0,295.0,324.2857142857143,3829.9047619046996,314.35714285714283,2738.8626373625966,-140.0,-80.0,-261.0,-154.0,6307.333333333322,-144.07142857142858,5804.071428571422,1,11,0,0,9838.0,283.0,-106.0
2023-11-23,128.0,228.0,177.0,9838,283.0,-106.0,Thursday,2,9804.0,9510.0,9250.0,9673.42857142857,11809.95238098852,9539.92857142857,33926.53296704257,250.0,287.0,279.0,315.2857142857143,4633.904761904716,311.14285714285717,3017.516483516443,-127.0,-158.0,-82.0,-160.71428571428572,5463.5714285714175,-134.5,4676.115384615381,3,11,0,1,9845.0,312.0,-107.0
2023-11-26,90.0,196.0,205.0,9845,312.0,-107.0,Sunday,3,9838.0,9665.0,9442.0,9720.285714285714,9310.904761941789,9581.92857142857,32395.148351658056,283.0,247.0,330.0,314.7142857142857,4673.904761904717,311.42857142857144,2998.87912087908,-106.0,-65.0,-74.0,-153.28571428571428,5896.90476190475,-136.21428571428572,4523.412087912084,6,11,1,0,10123.0,214.0,-146.0
2023-11-27,56.0,82.0,68.0,10123,214.0,-146.0,Monday,1,9845.0,9762.0,9273.0,9746.0,10622.333333370816,9610.714285714286,35320.21978022955,312.0,316.0,370.0,324.0,3810.3333333332716,310.14285714285717,2970.5934065933657,-107.0,-115.0,-203.0,-159.28571428571428,4912.9047619047515,-138.57142857142858,4285.340659340654,0,11,0,0,10223.0,223.0,-143.0
2023-11-28,74.0,103.0,80.0,10223,223.0,-143.0,Tuesday,1,10123.0,9762.0,9286.0,9797.57142857143,31164.952380990693,9671.42857142857,42764.72527473517,214.0,374.0,316.0,309.42857142857144,5568.619047619013,299.0,3272.3076923076524,-146.0,-249.0,-157.0,-163.71428571428572,4592.571428571418,-134.5,3952.423076923073,1,11,0,0,10398.0,284.0,-182.0
2023-11-29,68.0,107.0,102.0,10398,284.0,-182.0,Wednesday,1,10223.0,9573.0,9483.0,9863.42857142857,56058.95238099166,9738.357142857143,49915.78571429577,223.0,435.0,231.0,287.85714285714283,5575.809523809529,292.35714285714283,3646.8626373625984,-143.0,-271.0,-43.0,-148.57142857142858,3184.2857142857015,-133.5,3917.961538461535,2,11,0,0,10536.0,320.0,-227.0
2023-11-30,92.0,124.0,93.0,10536,320.0,-227.0,Thursday,1,10398.0,9638.0,9634.0,9981.285714285714,73423.23809527898,9803.714285714286,73771.14285715313,284.0,298.0,310.0,266.2857142857143,1426.9047619048054,296.14285714285717,3347.2087912087522,-182.0,-140.0,-119.0,-135.85714285714286,683.8095238095087,-143.42857142857142,3362.7252747252683,3,11,0,0,10579.0,417.0,-220.0
2023-12-03,132.0,235.0,197.0,10579,417.0,-220.0,Sunday,3,10536.0,9804.0,9477.0,10109.57142857143,85866.95238099515,9868.142857142857,108334.59340660396,320.0,250.0,313.0,269.42857142857144,1728.619047619086,296.85714285714283,3375.6703296702904,-227.0,-127.0,-80.0,-148.28571428571428,1885.2380952380827,-151.14285714285714,3789.9780219780123,6,12,1,0,10635.0,273.0,-17.0
2023-12-04,174.0,208.0,256.0,10635,273.0,-17.0,Monday,1,10579.0,9838.0,9510.0,10220.285714285714,92731.23809528246,9946.857142857143,128763.97802198885,417.0,283.0,287.0,293.2857142857143,4631.238095238093,304.2857142857143,4406.527472527432,-220.0,-106.0,-158.0,-161.57142857142858,2460.952380952371,-161.14285714285714,3657.670329670316,0,12,0,0,10761.0,261.0,-94.0
2023-12-05,123.0,230.0,167.0,10761,261.0,-94.0,Tuesday,1,10635.0,9845.0,9665.0,10334.142857142857,81914.8095238555,10027.214285714286,143555.87362638468,273.0,312.0,247.0,291.85714285714283,4679.809523809523,303.2857142857143,4457.758241758202,-17.0,-107.0,-65.0,-148.85714285714286,5241.142857142844,-151.07142857142858,5145.917582417572,1,12,0,0,10832.0,376.0,-217.0
2023-12-06,123.0,233.0,159.0,10832,376.0,-217.0,Wednesday,1,10761.0,10123.0,9762.0,10465.0,52428.33333338096,10105.5,168282.11538462667,261.0,214.0,316.0,284.57142857142856,4708.952380952393,304.2857142857143,4350.527472527432,-94.0,-146.0,-115.0,-147.0,5446.666666666653,-153.14285714285714,4821.9780219780105,2,12,0,0,10897.0,466.0,-278.0
2023-12-07,141.0,232.0,188.0,10897,466.0,-278.0,Thursday,1,10832.0,10223.0,9762.0,10566.285714285714,43413.904761953796,10181.92857142857,193515.30219781387,376.0,223.0,374.0,307.7142857142857,4647.238095238069,308.57142857142856,4715.802197802158,-217.0,-143.0,-249.0,-157.14285714285714,6143.142857142847,-160.42857142857142,4966.571428571415,3,12,0,0,10871.0,411.0,-220.0
2023-12-10,158.0,226.0,191.0,10871,411.0,-220.0,Sunday,3,10897.0,10398.0,9573.0,10662.57142857143,31185.619047669472,10263.0,212205.38461539688,466.0,284.0,435.0,342.42857142857144,6220.952380952298,315.14285714285717,6246.4395604395195,-278.0,-182.0,-271.0,-176.42857142857142,8110.28571428571,-162.5,5421.807692307678,6,12,1,0,10998.0,304.0,-71.0
2023-12-11,96.0,160.0,233.0,10998,304.0,-71.0,Monday,1,10871.0,10536.0,9638.0,10730.142857142857,21432.809523861022,10355.714285714286,194760.83516484828,411.0,320.0,298.0,360.57142857142856,6051.619047618934,313.42857142857144,5845.0329670329265,-220.0,-227.0,-140.0,-181.85714285714286,8387.142857142853,-158.85714285714286,4756.285714285701,0,12,0,0,11077.0,259.0,-130.0
2023-12-12,141.0,173.0,129.0,11077,259.0,-130.0,Tuesday,1,10998.0,10579.0,9804.0,10796.142857142857,22026.809523862205,10452.857142857143,176707.20879122303,304.0,417.0,250.0,358.2857142857143,6304.571428571319,313.85714285714283,5833.362637362597,-71.0,-220.0,-127.0,-159.57142857142858,9516.285714285705,-153.92857142857142,5296.532967032956,1,12,0,0,11192.0,335.0,-153.0
2023-12-13,116.0,181.0,182.0,11192,335.0,-153.0,Wednesday,1,11077.0,10635.0,9838.0,10867.285714285714,21410.238095292018,10543.785714285714,165383.1043956197,259.0,273.0,283.0,335.7142857142857,6778.571428571358,314.5,5750.730769230729,-130.0,-17.0,-106.0,-146.71428571428572,8860.571428571417,-154.14285714285714,5284.747252747241,2,12,0,0,11242.0,396.0,-195.0
2023-12-14,150.0,157.0,201.0,11242,396.0,-195.0,Thursday,1,11192.0,10761.0,9845.0,10946.857142857143,22603.809523864853,10640.5,149313.65384617037,335.0,261.0,312.0,344.57142857142856,6031.619047618962,318.2142857142857,5691.8736263735855,-153.0,-94.0,-107.0,-166.14285714285714,5622.4761904761845,-157.5,5094.4230769230635,3,12,0,0,11092.0,456.0,-331.0
2023-12-17,80.0,176.0,125.0,11092,456.0,-331.0,Sunday,3,11242.0,10832.0,10123.0,11015.57142857143,25856.285714342168,10740.285714285714,117742.9890110068,396.0,376.0,214.0,363.85714285714283,4874.476190476072,324.2142857142857,6115.565934065893,-195.0,-217.0,-146.0,-180.57142857142858,4650.95238095238,-163.78571428571428,4963.873626373611,6,12,1,0,11149.0,364.0,-200.0
2023-12-18,116.0,188.0,164.0,11149,364.0,-200.0,Monday,1,11092.0,10897.0,10223.0,11052.714285714286,19603.90476196179,10809.5,92788.57692309553,456.0,466.0,223.0,375.2857142857143,6112.57142857129,341.5,6195.346153846111,-331.0,-278.0,-143.0,-196.85714285714286,7891.809523809527,-177.0,6902.307692307672,0,12,0,0,11291.0,272.0,-114.0
2023-12-19,105.0,185.0,158.0,11291,272.0,-114.0,Tuesday,1,11149.0,10871.0,10398.0,11088.714285714286,15595.904761962358,10875.642857142857,70483.17032968969,364.0,411.0,284.0,360.7142857142857,4514.571428571316,351.57142857142856,5044.879120879075,-200.0,-220.0,-182.0,-185.71428571428572,6651.238095238095,-181.07142857142858,6836.225274725253,1,12,0,0,11516.0,390.0,-267.0
2023-12-20,136.0,246.0,123.0,11516,390.0,-267.0,Wednesday,1,11291.0,10998.0,10536.0,11148.714285714286,10315.904761963267,10939.42857142857,61823.032967053034,272.0,304.0,320.0,340.85714285714283,4944.809523809446,350.7142857142857,5179.912087912044,-114.0,-71.0,-227.0,-170.57142857142858,7044.952380952378,-176.21428571428572,7156.796703296684,2,12,0,0,11375.0,497.0,-320.0
2023-12-21,128.0,228.0,177.0,11375,497.0,-320.0,Thursday,1,11516.0,11077.0,10579.0,11222.714285714286,22624.571428631145,11009.42857142857,69598.41758243833,390.0,259.0,417.0,353.14285714285717,4944.809523809424,355.7142857142857,5199.142857142811,-267.0,-130.0,-220.0,-198.57142857142858,6027.61904761905,-179.07142857142858,7583.609890109869,3,12,0,0,11144.0,347.0,-142.0
2023-12-25,90.0,196.0,205.0,11144,347.0,-142.0,Monday,4,11375.0,11192.0,10635.0,11265.285714285714,20836.571428631774,11066.285714285714,62145.75824177949,497.0,335.0,273.0,387.14285714285717,5568.142857142696,361.42857142857144,6410.571428571381,-320.0,-153.0,-17.0,-225.71428571428572,6841.9047619047715,-186.21428571428572,8927.565934065911,0,12,0,1,11217.0,288.0,-220.0
2023-12-26,56.0,82.0,68.0,11217,288.0,-220.0,Tuesday,1,11144.0,11242.0,10761.0,11258.42857142857,22338.285714345955,11102.642857142857,46878.55494507654,347.0,396.0,261.0,388.85714285714283,5380.142857142693,366.7142857142857,5794.989010988962,-142.0,-195.0,-94.0,-224.14285714285714,7125.809523809533,-195.14285714285714,6789.516483516456,1,12,0,0,11206.0,335.0,-255.0
2023-12-27,74.0,103.0,80.0,11206,335.0,-255.0,Wednesday,1,11217.0,11092.0,10832.0,11254.857142857143,22564.47619053637,11135.214285714286,37763.5659340878,288.0,456.0,376.0,373.42857142857144,6789.285714285576,368.64285714285717,5407.93956043951,-220.0,-331.0,-217.0,-227.71428571428572,6972.238095238105,-204.14285714285714,5962.901098901067,2,12,0,0,11230.0,357.0,-255.0
2023-12-28,68.0,107.0,102.0,11230,357.0,-255.0,Thursday,1,11206.0,11149.0,10897.0,11271.142857142857,18232.476190536636,11161.92857142857,30308.225274747347,335.0,364.0,466.0,356.14285714285717,5550.476190476083,365.7142857142857,5481.604395604347,-255.0,-200.0,-278.0,-216.85714285714286,5180.80952380953,-206.85714285714286,6141.208791208758,3,12,0,0,10870.0,290.0,-197.0
2024-01-01,92.0,124.0,93.0,10870,290.0,-197.0,Monday,4,11230.0,11291.0,10871.0,11282.714285714286,15871.90476196536,11185.714285714286,24656.373626395918,357.0,272.0,411.0,355.14285714285717,5539.142857142752,357.92857142857144,4648.532967032921,-255.0,-114.0,-220.0,-224.71428571428572,5303.904761904771,-205.21428571428572,5927.25824175821,0,1,0,1,10770.0,316.0,-209.0
2024-01-02,113.0,162.0,107.0,10770,316.0,-209.0,Tuesday,1,10870.0,11516.0,10998.0,11222.57142857143,40029.28571434535,11185.642857142857,24704.862637384907,290.0,390.0,304.0,357.7142857142857,5086.571428571319,349.2857142857143,4706.373626373583,-197.0,-267.0,-71.0,-236.57142857142858,3224.952380952393,-203.57142857142858,5912.725274725244,1,1,0,0,10718.0,263.0,-132.0
2024-01-03,106.0,196.0,131.0,10718,263.0,-132.0,Wednesday,1,10770.0,11375.0,11077.0,11116.0,46565.6666667246,11169.357142857143,34999.93956046164,316.0,497.0,259.0,347.14285714285717,5072.476190476101,350.14285714285717,4633.054945054901,-209.0,-320.0,-130.0,-228.28571428571428,3117.238095238105,-213.42857142857142,4458.417582417548,2,1,0,0,10558.0,362.0,-194.0
2024-01-04,86.0,152.0,168.0,10558,362.0,-194.0,Thursday,1,10718.0,11144.0,11192.0,11022.142857142857,51508.80952386585,11143.714285714286,49306.68131870314,263.0,347.0,335.0,313.7142857142857,1205.9047619047378,350.42857142857144,4578.109890109846,-132.0,-142.0,-153.0,-201.42857142857142,2418.952380952383,-213.57142857142858,4433.032967032932,3,1,0,0,9670.0,367.0,-231.0
2024-01-07,84.0,118.0,136.0,9670,367.0,-231.0,Sunday,3,10558.0,11217.0,11242.0,10938.42857142857,76762.61904767388,11098.42857142857,73308.10989013125,362.0,288.0,396.0,315.85714285714283,1404.4761904761624,352.35714285714283,4566.0934065933625,-194.0,-220.0,-195.0,-208.85714285714286,1775.1428571428612,-216.5,4171.0384615384255,6,1,1,0,9670.0,367.0,-250.0
2024-01-08,59.0,64.0,117.0,9670,367.0,-250.0,Monday,1,9670.0,11206.0,11092.0,10717.42857142857,274999.6190476698,10986.142857142857,215099.05494507498,367.0,335.0,456.0,327.14285714285717,1562.4761904761406,350.2857142857143,4431.450549450506,-231.0,-255.0,-331.0,-210.42857142857142,1833.2857142857185,-219.07142857142858,4144.532967032929,0,1,0,0,9311.0,286.0,-234.0
2024-01-09,62.0,97.0,52.0,9311,286.0,-234.0,Tuesday,1,9670.0,11230.0,11149.0,10498.0,361893.3333333801,10884.57142857143,336375.3406593596,367.0,357.0,364.0,331.7142857142857,1792.57142857137,343.92857142857144,3549.7637362636938,-250.0,-255.0,-200.0,-209.71428571428572,1762.571428571433,-213.28571428571428,3218.3736263735914,1,1,0,0,9144.0,349.0,-252.0
2024-01-10,91.0,75.0,97.0,9144,349.0,-252.0,Wednesday,1,9311.0,10870.0,11291.0,10223.857142857143,419737.4761905182,10753.285714285714,502906.2197802374,286.0,290.0,272.0,321.57142857142856,1914.285714285674,338.35714285714283,3743.478021977981,-234.0,-197.0,-114.0,-206.71428571428572,1508.571428571432,-215.71428571428572,3231.4505494505133,2,1,0,0,8829.0,476.0,-465.0
2024-01-11,29.0,51.0,11.0,8829,476.0,-465.0,Thursday,1,9144.0,10770.0,11516.0,9977.285714285714,473572.2380952763,10599.92857142857,654552.8406593569,349.0,316.0,390.0,330.0,1790.6666666666115,343.85714285714283,3380.9010989010567,-252.0,-209.0,-267.0,-214.57142857142858,1762.6190476190532,-225.57142857142858,2432.2637362636965,3,1,0,0,8033.0,234.0,-200.0
2024-01-15,33.0,53.0,34.0,8033,234.0,-200.0,Monday,4,8829.0,10718.0,11375.0,9700.0,498897.66666670126,10408.0,791575.0769230914,476.0,263.0,497.0,352.85714285714283,4701.142857142764,350.0,4519.692307692265,-465.0,-132.0,-320.0,-251.14285714285714,10649.476190476204,-239.71428571428572,6494.527472527428,0,1,0,1,8133.0,188.0,-149.0
2024-01-16,32.0,49.0,39.0,8133,188.0,-149.0,Tuesday,1,8033.0,10558.0,11144.0,9316.42857142857,617676.9523809818,10169.285714285714,1092171.4505494633,234.0,362.0,347.0,348.7142857142857,5689.904761904675,331.2142857142857,3512.4890109889698,-200.0,-194.0,-142.0,-260.85714285714283,8609.476190476207,-231.14285714285714,6040.901098901057,1,1,0,0,8072.0,353.0,-228.0
2024-01-17,80.0,176.0,125.0,8072,353.0,-228.0,Wednesday,1,8133.0,9670.0,11217.0,8970.0,454162.6666666912,9954.214285714286,1288233.8736263842,188.0,367.0,288.0,323.85714285714283,9244.476190476142,319.85714285714283,4932.131868131828,-149.0,-231.0,-220.0,-254.42857142857142,9901.619047619062,-231.64285714285714,5948.401098901056,2,1,0,0,8042.0,359.0,-195.0
2024-01-18,116.0,188.0,164.0,8042,359.0,-195.0,Thursday,1,8072.0,9670.0,11206.0,8741.714285714286,446096.571428593,9729.57142857143,1383741.6483516567,353.0,367.0,335.0,321.85714285714283,9071.142857142813,324.5,4915.346153846113,-228.0,-250.0,-255.0,-254.0,9926.333333333347,-232.21428571428572,5938.642857142813,3,1,0,0,7974.0,371.0,-213.0
2024-01-21,105.0,185.0,158.0,7974,371.0,-213.0,Sunday,3,8042.0,9311.0,11230.0,8509.142857142857,320973.14285716193,9503.57142857143,1380125.6483516544,359.0,286.0,357.0,320.7142857142857,8959.90476190472,326.2142857142857,4995.258241758202,-195.0,-234.0,-255.0,-246.14285714285714,10431.809523809536,-227.92857142857142,5985.456043956002,6,1,1,0,8008.0,222.0,-99.0
2024-01-22,136.0,246.0,123.0,8008,222.0,-99.0,Monday,1,7974.0,9144.0,10870.0,8318.142857142857,218979.1428571604,9271.0,1272570.3076923112,371.0,349.0,290.0,332.85714285714283,9008.47619047613,327.2142857142857,5075.565934065894,-213.0,-252.0,-197.0,-243.14285714285714,10579.809523809534,-224.92857142857142,5936.5329670329265,0,1,0,0,8133.0,202.0,-25.0
2024-01-23,128.0,228.0,177.0,8133,202.0,-25.0,Tuesday,1,8008.0,8829.0,10770.0,8155.857142857143,90611.1428571589,9066.57142857143,1153592.8791208803,222.0,476.0,316.0,314.7142857142857,10629.23809523806,322.35714285714283,5795.17032967029,-99.0,-465.0,-209.0,-221.28571428571428,13472.238095238099,-217.92857142857142,7043.609890109851,1,1,0,0,8212.0,243.0,-38.0
2024-01-24,90.0,196.0,205.0,8212,243.0,-38.0,Wednesday,1,8133.0,8033.0,10718.0,8056.428571428572,3644.285714300753,8878.214285714286,959222.7967032962,202.0,234.0,263.0,275.57142857142856,6623.61904761907,314.2142857142857,6834.950549450509,-25.0,-200.0,-132.0,-158.42857142857142,5384.619047619033,-204.78571428571428,9714.642857142822,2,1,0,0,8180.0,293.0,-138.0
2024-01-25,102.0,189.0,155.0,8180,293.0,-138.0,Thursday,1,8212.0,8133.0,10558.0,8082.0,6823.666666681966,8699.214285714286,698488.6428571412,243.0,188.0,362.0,276.85714285714283,6510.476190476212,312.7857142857143,7021.104395604357,-38.0,-149.0,-194.0,-135.28571428571428,6888.9047619047415,-198.07142857142858,11398.379120879088,3,1,0,0,8004.0,307.0,-181.0
2024-01-28,120.0,257.0,126.0,8004,307.0,-181.0,Sunday,3,8180.0,8072.0,9670.0,8088.714285714285,7938.238095253473,8529.357142857143,422379.3241758214,293.0,353.0,367.0,291.85714285714283,4975.476190476191,307.85714285714283,6838.747252747215,-138.0,-228.0,-231.0,-133.71428571428572,6855.9047619047415,-194.07142857142858,11657.456043956014,6,1,1,0,8057.0,195.0,-29.0
2024-01-29,137.0,272.0,166.0,8057,195.0,-29.0,Monday,1,8004.0,8042.0,9670.0,8079.0,8977.666666681942,8410.357142857143,328277.7857142821,307.0,359.0,367.0,285.2857142857143,4340.238095238105,303.57142857142856,6549.956043956006,-181.0,-195.0,-250.0,-127.0,5694.33333333331,-190.5,11551.96153846151,0,1,0,0,8182.0,187.0,21.0
2024-01-30,93.0,198.0,208.0,8182,187.0,21.0,Tuesday,1,8057.0,7974.0,9311.0,8081.142857142857,8824.809523824819,8295.142857142857,201533.2087912044,195.0,371.0,286.0,261.85714285714283,4152.809523809568,291.2857142857143,6984.681318681281,-29.0,-213.0,-234.0,-103.28571428571429,5868.238095238065,-174.71428571428572,13017.60439560437,1,1,0,0,8153.0,266.0,-8.0
2024-01-31,203.0,477.0,258.0,8153,266.0,-8.0,Wednesday,1,8182.0,8008.0,9144.0,8110.857142857143,7576.809523825141,8214.5,116132.42307691835,187.0,222.0,349.0,235.57142857142858,2295.285714285799,284.2142857142857,7765.258241758203,21.0,-99.0,-252.0,-69.85714285714286,5132.809523809483,-156.5,15336.423076923056,2,1,0,0,8026.0,337.0,-48.0
2024-02-01,222.0,459.0,289.0,8026,337.0,-48.0,Thursday,1,8153.0,8133.0,8829.0,8131.571428571428,5608.952380968217,8143.714285714285,44568.06593406094,266.0,202.0,476.0,241.85714285714286,2372.809523809599,278.2857142857143,7430.065934065896,-8.0,-25.0,-465.0,-56.857142857142854,5431.809523809478,-139.07142857142858,16004.071428571413,3,2,0,0,7813.0,342.0,-94.0
2024-02-04,253.0,531.0,248.0,7813,342.0,-94.0,Sunday,3,8026.0,8212.0,8033.0,8116.285714285715,7193.571428587085,8086.357142857143,5966.708791203608,337.0,243.0,234.0,261.14285714285717,3182.8095238095702,268.35714285714283,4582.093406593368,-48.0,-38.0,-200.0,-60.142857142857146,5263.142857142813,-109.28571428571429,7515.142857142849,6,2,1,0,7872.0,242.0,103.0
2024-02-05,157.0,466.0,345.0,7872,242.0,103.0,Monday,1,7813.0,8180.0,8133.0,8059.285714285715,17206.57142858642,8070.642857142857,11229.785714280491,342.0,293.0,188.0,275.2857142857143,3984.2380952381195,276.07142857142856,4844.379120879082,-94.0,-138.0,-149.0,-68.14285714285714,5297.809523809482,-101.71428571428571,6838.37362637362,0,2,0,0,8045.0,178.0,145.0
2024-02-06,291.0,455.0,323.0,8045,178.0,145.0,Tuesday,1,7872.0,8004.0,8072.0,8015.285714285715,18365.23809525256,8052.0,13591.692307687037,242.0,307.0,353.0,268.0,4054.6666666667024,279.92857142857144,4320.9945054944665,103.0,-181.0,-228.0,-33.714285714285715,7983.238095238044,-83.71428571428571,9541.142857142857,1,2,0,0,8160.0,222.0,108.0
2024-02-07,227.0,453.0,330.0,8160,222.0,108.0,Wednesday,1,8045.0,8057.0,8042.0,8021.142857142857,18451.142857157392,8050.071428571428,13560.686813181539,178.0,195.0,359.0,249.57142857142858,4754.952380952446,267.42857142857144,4541.186813186775,145.0,-29.0,-195.0,12.857142857142858,7160.476190476123,-57.07142857142857,11199.148351648357,2,2,0,0,8188.0,315.0,43.0
2024-02-08,298.0,499.0,358.0,8188,315.0,43.0,Thursday,1,8160.0,8182.0,7974.0,8035.857142857143,21197.809523824242,8058.5,14408.73076922551,222.0,187.0,371.0,253.42857142857142,4367.95238095244,257.64285714285717,3951.7857142856765,108.0,21.0,-213.0,32.42857142857143,7930.285714285641,-35.42857142857143,11327.340659340669,3,2,0,0,8056.0,347.0,-121.0
2024-02-11,205.0,515.0,226.0,8056,347.0,-121.0,Sunday,3,8188.0,8153.0,8008.0,8036.714285714285,21495.238095252844,8073.785714285715,14897.873626368391,315.0,266.0,222.0,271.7142857142857,3874.238095238125,253.64285714285714,3199.1703296702926,43.0,-8.0,-99.0,35.57142857142857,7915.619047618973,-17.142857142857142,9014.901098901113,6,2,1,0,8092.0,234.0,206.0
2024-02-12,213.0,430.0,440.0,8092,234.0,206.0,Monday,1,8056.0,8026.0,8133.0,8022.857142857143,19079.476190490754,8077.214285714285,14576.642857137627,347.0,337.0,202.0,283.2857142857143,4657.238095238106,262.57142857142856,3706.725274725237,-121.0,-48.0,-25.0,19.428571428571427,11380.95238095231,-18.714285714285715,9326.527472527487,0,2,0,0,8348.0,160.0,189.0
2024-02-13,227.0,369.0,349.0,8348,160.0,189.0,Tuesday,1,8092.0,7813.0,8212.0,8032.285714285715,19770.90476191945,8074.285714285715,14344.835164829932,234.0,342.0,243.0,268.57142857142856,4328.619047619081,264.85714285714283,3481.6703296702913,206.0,-94.0,-38.0,55.714285714285715,14888.571428571347,-2.2142857142857144,12914.642857142877,1,2,0,0,8512.0,230.0,42.0
2024-02-14,185.0,322.0,272.0,8512,230.0,42.0,Wednesday,1,8348.0,7872.0,8180.0,8108.714285714285,21554.238095253822,8084.0,18547.384615379407,160.0,242.0,293.0,242.57142857142858,4605.952380952455,258.92857142857144,4252.840659340622,189.0,103.0,-138.0,96.14285714285714,12206.80952380943,14.0,15345.538461538486,2,2,0,0,8463.0,312.0,-40.0
2024-02-15,333.0,508.0,272.0,8463,312.0,-40.0,Thursday,1,8512.0,8045.0,8004.0,8200.142857142857,29569.47619049317,8107.714285714285,31323.912087906905,230.0,178.0,307.0,240.85714285714286,4628.809523809601,254.42857142857142,4206.109890109852,42.0,145.0,-181.0,87.42857142857143,12598.952380952289,26.857142857142858,13450.593406593436,3,2,0,0,8380.0,218.0,153.0
2024-02-19,249.0,420.0,371.0,8380,218.0,153.0,Monday,4,8463.0,8160.0,8057.0,8259.857142857143,32913.47619049405,8140.5,39048.73076922559,312.0,222.0,195.0,260.0,4386.33333333338,254.78571428571428,4248.335164835127,-40.0,108.0,-29.0,61.0,13937.999999999918,36.92857142857143,10361.763736263769,0,2,0,1,8488.0,192.0,81.0
2024-02-20,149.0,395.0,273.0,8488,192.0,81.0,Tuesday,1,8380.0,8188.0,8182.0,8291.285714285714,32504.904761923095,8163.571428571428,42351.494505489325,218.0,315.0,187.0,259.42857142857144,4439.285714285762,256.42857142857144,4074.5714285713907,153.0,43.0,21.0,67.42857142857143,14932.285714285628,49.92857142857143,10881.763736263772,1,2,0,0,8573.0,231.0,87.0
2024-02-21,232.0,430.0,318.0,8573,231.0,87.0,Wednesday,1,8488.0,8056.0,8153.0,8334.142857142857,35033.47619049512,8185.428571428572,49907.3406593355,192.0,347.0,266.0,241.85714285714286,4322.142857142931,256.7857142857143,4022.950549450511,81.0,-121.0,-8.0,72.85714285714286,14829.14285714277,54.214285714285715,10871.873626373663,2,2,0,0,8607.0,293.0,-1.0
2024-02-22,165.0,400.0,292.0,8607,293.0,-1.0,Thursday,1,8573.0,8092.0,8026.0,8408.0,25284.33333335329,8215.42857142857,60411.956043950944,231.0,234.0,337.0,225.28571428571428,2178.904761904861,254.28571428571428,4060.8351648351263,87.0,206.0,-48.0,102.57142857142857,7568.952380952283,61.0,10607.230769230808,3,2,0,0,8404.0,329.0,37.0
2024-02-25,244.0,482.0,366.0,8404,329.0,37.0,Sunday,3,8607.0,8348.0,7813.0,8481.57142857143,8926.952380973233,8256.92857142857,67591.45604395098,293.0,160.0,342.0,233.71428571428572,2847.571428571515,251.14285714285714,3639.2087912087527,-1.0,189.0,-94.0,73.0,6553.66666666658,64.35714285714286,9976.862637362676,6,2,1,0,8404.0,329.0,-3.0
2024-02-26,199.0,438.0,326.0,8404,329.0,-3.0,Monday,1,8404.0,8512.0,7872.0,8489.57142857143,6881.6190476399815,8299.142857142857,52176.747252742265,329.0,230.0,242.0,257.85714285714283,2775.142857142906,250.21428571428572,3469.5659340658963,37.0,42.0,103.0,51.285714285714285,3976.904761904682,73.71428571428571,8011.142857142898,0,2,0,0,8650.0,206.0,100.0
2024-02-27,197.0,369.0,306.0,8650,206.0,100.0,Tuesday,1,8404.0,8463.0,8045.0,8474.142857142857,7740.4761904969755,8337.142857142857,37432.74725274228,329.0,312.0,178.0,272.0,3256.000000000027,256.42857142857144,3900.263736263698,-3.0,-40.0,145.0,44.857142857142854,4405.476190476113,66.14285714285714,8336.131868131906,1,2,0,0,8699.0,257.0,17.0
2024-02-28,209.0,447.0,274.0,8699,257.0,17.0,Wednesday,1,8650.0,8380.0,8160.0,8500.857142857143,12041.47619049718,8380.357142857143,36385.63186812689,206.0,218.0,222.0,256.85714285714283,3447.8095238095743,258.42857142857144,3618.417582417544,100.0,153.0,108.0,64.85714285714286,3245.476190476106,62.92857142857143,7934.840659340697,2,2,0,0,8724.0,299.0,55.0
2024-02-29,262.0,444.0,354.0,8724,299.0,55.0,Thursday,1,8699.0,8488.0,8188.0,8546.42857142857,13727.619047640359,8418.857142857143,38864.43956043453,257.0,192.0,315.0,262.42857142857144,3159.952380952423,260.92857142857144,3509.763736263697,17.0,81.0,43.0,45.42857142857143,1891.9523809523027,56.42857142857143,7895.340659340696,3,2,0,0,8594.0,354.0,-7.0
2024-03-03,236.0,468.0,347.0,8594,354.0,-7.0,Sunday,3,8724.0,8573.0,8056.0,8580.142857142857,17087.809523831005,8457.142857142857,40348.74725274222,299.0,231.0,347.0,277.7142857142857,2283.571428571447,259.7857142857143,3394.9505494505106,55.0,87.0,-121.0,41.714285714285715,1680.2380952380183,57.285714285714285,7880.835164835202,6,3,1,0,8660.0,229.0,111.0
2024-03-04,225.0,509.0,340.0,8660,229.0,111.0,Monday,1,8594.0,8607.0,8092.0,8583.142857142857,17100.809523831023,8495.57142857143,27821.032967027935,354.0,293.0,234.0,295.2857142857143,2529.5714285714216,260.2857142857143,3492.3736263735873,-7.0,-1.0,206.0,28.285714285714285,1523.5714285713564,65.42857142857143,5682.263736263775,0,3,0,0,8800.0,214.0,131.0
2024-03-05,246.0,472.0,345.0,8800,214.0,131.0,Tuesday,1,8660.0,8404.0,8348.0,8590.714285714286,17923.571428592953,8536.142857142857,15599.670329665269,229.0,329.0,160.0,286.14285714285717,3163.476190476196,259.92857142857144,3514.3791208790817,111.0,37.0,189.0,44.285714285714285,2222.2380952380176,58.642857142857146,4272.401098901136,1,3,0,0,8870.0,232.0,45.0
2024-03-06,230.0,457.0,277.0,8870,232.0,45.0,Wednesday,1,8800.0,8404.0,8512.0,8647.285714285714,15679.571428593086,8568.42857142857,17109.64835164327,214.0,329.0,230.0,269.7142857142857,3409.90476190479,263.7857142857143,2892.4890109889707,131.0,-3.0,42.0,57.714285714285715,3256.238095238013,54.5,3349.500000000036,2,3,0,0,8902.0,305.0,23.0
2024-03-07,181.0,424.0,328.0,8902,305.0,23.0,Thursday,1,8870.0,8650.0,8463.0,8713.857142857143,8911.476190497999,8594.0,23156.307692302526,232.0,206.0,312.0,255.85714285714286,2837.1428571429037,263.92857142857144,2882.379120879081,45.0,100.0,-40.0,64.57142857142857,2613.9523809522966,54.714285714285715,3344.3736263736623,3,3,0,0,8714.0,373.0,-47.0
2024-03-10,190.0,368.0,326.0,8714,373.0,-47.0,Sunday,3,8902.0,8699.0,8380.0,8749.857142857143,12619.47619049813,8625.357142857143,28074.55494504963,305.0,257.0,218.0,270.0,2592.0000000000277,263.42857142857144,2834.10989010985,23.0,17.0,153.0,53.57142857142857,2551.619047618967,59.214285714285715,2709.8736263736637,6,3,1,0,8757.0,253.0,37.0
2024-03-11,178.0,336.0,290.0,8757,253.0,37.0,Monday,1,8714.0,8724.0,8488.0,8752.0,12397.333333355278,8649.214285714286,23435.258241752817,373.0,299.0,192.0,286.57142857142856,4011.6190476190545,274.5,3466.8846153845743,-47.0,55.0,81.0,44.42857142857143,3916.952380952304,44.92857142857143,2681.3021978022307,0,3,0,0,8843.0,213.0,77.0
2024-03-12,154.0,294.0,290.0,8843,213.0,77.0,Tuesday,1,8757.0,8594.0,8573.0,8756.714285714286,12244.904761926728,8668.42857142857,21932.109890104388,253.0,354.0,231.0,280.0,4123.333333333348,278.85714285714283,2958.4395604395195,37.0,-7.0,87.0,41.857142857142854,3899.8095238094484,41.785714285714285,2575.41208791212,1,3,0,0,8819.0,239.0,-72.0
2024-03-13,165.0,358.0,167.0,8819,239.0,-72.0,Wednesday,1,8843.0,8660.0,8607.0,8792.285714285714,7596.904761926817,8687.714285714286,23175.29670329116,213.0,229.0,293.0,259.85714285714283,3485.476190476229,277.57142857142856,3114.1098901098494,77.0,111.0,-1.0,53.857142857142854,3539.8095238094443,41.07142857142857,2512.9945054945374,2,3,0,0,8695.0,310.0,-58.0
2024-03-14,166.0,301.0,252.0,8695,310.0,-58.0,Thursday,1,8819.0,8800.0,8404.0,8815.0,4197.33333335543,8702.857142857143,23753.054945049375,239.0,214.0,329.0,261.2857142857143,3396.904761904799,273.7142857142857,3194.21978021974,-72.0,131.0,37.0,27.714285714285715,4838.238095238025,36.0,3332.6153846154148,3,3,0,0,8373.0,342.0,-83.0
2024-03-17,127.0,260.0,259.0,8373,342.0,-83.0,Sunday,3,8695.0,8870.0,8404.0,8800.0,6297.333333355371,8723.642857142857,16422.093406587817,310.0,232.0,329.0,275.0,3200.333333333354,272.35714285714283,3058.4010989010594,-58.0,45.0,-3.0,0.7142857142857143,3434.2380952380354,29.214285714285715,3962.642857142886,6,3,1,0,8333.0,283.0,-95.0
2024-03-18,123.0,243.0,188.0,8333,283.0,-95.0,Monday,1,8373.0,8902.0,8650.0,8729.0,29987.66666668847,8721.42857142857,18015.186813181263,342.0,305.0,206.0,290.7142857142857,3352.238095238097,273.2857142857143,3183.758241758202,-83.0,23.0,100.0,-17.571428571428573,3885.285714285661,23.5,4816.269230769258,0,3,0,0,8390.0,197.0,59.0
2024-03-19,99.0,202.0,256.0,8390,197.0,59.0,Tuesday,1,8333.0,8714.0,8699.0,8647.714285714286,43426.904761926235,8698.785714285714,28676.48901098352,283.0,373.0,257.0,287.57142857142856,3316.6190476190527,278.7857142857143,2810.1813186812788,-95.0,-47.0,17.0,-34.42857142857143,4278.619047619001,9.571428571428571,5237.340659340683,1,3,0,0,8365.0,227.0,-53.0
2024-03-20,91.0,181.0,174.0,8365,227.0,-53.0,Wednesday,1,8390.0,8757.0,8724.0,8601.42857142857,51264.61904764028,8676.714285714286,35486.373626368186,197.0,253.0,299.0,262.42857142857144,2729.952380952416,274.5,3268.423076923037,59.0,37.0,55.0,-19.285714285714285,5439.571428571376,12.571428571428571,5411.340659340683,2,3,0,0,8292.0,235.0,-94.0
2024-03-21,132.0,261.0,141.0,8292,235.0,-94.0,Thursday,1,8365.0,8843.0,8594.0,8545.42857142857,52888.61904763991,8651.07142857143,42080.53296702756,227.0,213.0,354.0,258.7142857142857,2908.238095238135,269.35714285714283,3367.324175824137,-53.0,77.0,-7.0,-32.142857142857146,4908.14285714281,4.857142857142857,5539.516483516505,3,3,0,0,7899.0,373.0,-152.0
2024-03-24,124.0,264.0,221.0,7899,373.0,-152.0,Sunday,3,8292.0,8819.0,8660.0,8466.714285714286,41606.238095258464,8629.5,51246.73076922538,235.0,239.0,229.0,261.85714285714283,2642.1428571428933,260.85714285714283,2829.208791208754,-94.0,-72.0,111.0,-56.57142857142857,2864.285714285676,-1.3571428571428572,6238.862637362658,6,3,1,0,7899.0,229.0,-5.0
2024-03-25,128.0,242.0,224.0,7899,229.0,-5.0,Monday,1,7899.0,8695.0,8800.0,8335.285714285714,54486.23809525757,8575.142857142857,89041.6703296649,373.0,310.0,214.0,281.0,4186.333333333344,271.14285714285717,3604.593406593368,-152.0,-58.0,131.0,-68.0,4189.999999999966,-20.142857142857142,6633.362637362653,0,3,0,0,7919.0,208.0,-8.0
2024-03-26,187.0,276.0,200.0,7919,208.0,-8.0,Tuesday,1,7899.0,8373.0,8870.0,8221.57142857143,49558.61904763783,8510.785714285714,115858.79670329127,229.0,342.0,232.0,269.42857142857144,4340.619047619074,272.2142857142857,3488.7967032966644,-5.0,-83.0,45.0,-60.42857142857143,4767.952380952344,-29.857142857142858,4792.131868131882,1,3,0,0,7893.0,215.0,-30.0
2024-03-27,129.0,287.0,185.0,7893,215.0,-30.0,Wednesday,1,7919.0,8333.0,8902.0,8156.714285714285,56087.571428589836,8442.857142857143,127903.05494504947,208.0,283.0,305.0,250.28571428571428,3664.238095238145,270.5,3678.4230769230385,-8.0,-95.0,23.0,-49.714285714285715,5007.2380952380545,-33.642857142857146,4382.401098901111,2,3,0,0,7762.0,360.0,-112.0
2024-03-28,161.0,288.0,248.0,7762,360.0,-112.0,Thursday,1,7893.0,8390.0,8714.0,8093.857142857143,57889.476190494235,8370.785714285714,129350.02747252195,215.0,197.0,373.0,240.57142857142858,3583.285714285776,264.07142857142856,3779.30219780216,-30.0,59.0,-47.0,-40.42857142857143,4629.619047619003,-37.42857142857143,4121.186813186825,3,3,0,0,7257.0,287.0,-136.0
2024-03-31,105.0,254.0,151.0,7257,287.0,-136.0,Sunday,3,7762.0,8365.0,8757.0,8004.142857142857,52237.476190493755,8302.785714285714,143818.3351648296,360.0,227.0,253.0,263.85714285714283,5011.476190476224,263.14285714285717,3573.516483516447,-112.0,-53.0,37.0,-64.85714285714286,3139.476190476156,-42.07142857142857,4518.686813186824,6,3,1,0,7271.0,172.0,-1.0
2024-04-01,109.0,235.0,171.0,7271,172.0,-1.0,Monday,1,7257.0,8292.0,8843.0,7845.857142857143,94341.4761904929,8195.642857142857,199713.93956043365,287.0,235.0,213.0,272.42857142857144,4788.61904761907,265.57142857142856,3603.0329670329297,-136.0,-94.0,77.0,-76.71428571428571,3795.5714285713984,-54.42857142857143,4551.956043956052,0,4,0,0,7340.0,132.0,43.0
2024-04-02,101.0,230.0,175.0,7340,132.0,43.0,Tuesday,1,7271.0,7899.0,8819.0,7700.0,91424.3333333492,8083.357142857143,219666.24725274078,172.0,373.0,239.0,263.42857142857144,6141.619047619082,262.64285714285717,4054.7087912087545,-1.0,-152.0,-72.0,-63.42857142857143,4495.285714285679,-60.0,3409.384615384622,1,4,0,0,7346.0,163.0,27.0
2024-04-03,124.0,230.0,190.0,7346,163.0,27.0,Wednesday,1,7340.0,7899.0,8695.0,7620.142857142857,98984.14285715821,7977.714285714285,208524.98901098192,132.0,229.0,310.0,229.0,5636.666666666744,255.0,5261.692307692272,43.0,-5.0,-58.0,-35.57142857142857,4170.285714285669,-51.785714285714285,4141.719780219789,2,4,0,0,7317.0,225.0,-73.0
2024-04-04,95.0,226.0,152.0,7317,225.0,-73.0,Thursday,1,7346.0,7919.0,8373.0,7541.142857142857,91268.476190491,7881.357142857143,189646.40109889337,163.0,208.0,342.0,219.57142857142858,6258.95238095247,244.5,5561.346153846121,27.0,-8.0,-83.0,-31.0,4642.66666666662,-45.714285714285715,4576.527472527483,3,4,0,0,6982.0,279.0,-46.0
2024-04-07,106.0,239.0,233.0,6982,279.0,-46.0,Sunday,3,7317.0,7893.0,8333.0,7455.142857142857,67217.14285715709,7805.928571428572,189425.9175824094,225.0,215.0,283.0,222.0,6234.6666666667525,236.14285714285714,4784.131868131836,-73.0,-30.0,-95.0,-40.285714285714285,4747.904761904719,-45.0,4526.307692307703,6,4,1,0,6988.0,199.0,-32.0
2024-04-08,102.0,230.0,167.0,6988,199.0,-32.0,Monday,1,6982.0,7762.0,8390.0,7325.0,52814.66666668002,7709.428571428572,210247.64835163963,279.0,360.0,197.0,231.14285714285714,6670.476190476264,235.85714285714286,4756.439560439529,-46.0,-112.0,59.0,-42.57142857142857,4729.619047619005,-41.5,4320.884615384626,0,4,0,0,7043.0,130.0,87.0
2024-04-09,118.0,231.0,217.0,7043,130.0,87.0,Tuesday,1,6988.0,7257.0,8365.0,7214.428571428572,25650.952380965027,7609.285714285715,203853.91208790278,199.0,287.0,227.0,208.14285714285714,3458.14285714296,236.0,4744.769230769199,-32.0,-136.0,-53.0,-31.142857142857142,3792.476190476144,-48.0,3505.384615384625,1,4,0,0,6999.0,227.0,-85.0
2024-04-10,117.0,244.0,142.0,6999,227.0,-85.0,Wednesday,1,7043.0,7271.0,8292.0,7183.857142857143,29156.476190488655,7514.857142857143,174987.82417581443,130.0,172.0,235.0,185.71428571428572,2852.571428571561,229.07142857142858,5551.148351648321,87.0,-1.0,-94.0,0.7142857142857143,3102.2380952380367,-38.0,4797.69230769232,2,4,0,0,6912.0,285.0,-65.0
2024-04-11,183.0,221.0,220.0,6912,285.0,-65.0,Thursday,1,6999.0,7340.0,7899.0,7145.0,31824.666666678895,7422.5,139813.96153845126,227.0,132.0,373.0,193.57142857142858,3033.2857142858375,228.5,5548.423076923047,-85.0,43.0,-152.0,-11.285714285714286,4158.238095238041,-37.357142857142854,4725.939560439572,3,4,0,0,6630.0,290.0,-47.0
2024-04-14,128.0,245.0,243.0,6630,290.0,-47.0,Sunday,3,6912.0,7346.0,7899.0,7083.857142857143,30173.809523821314,7352.0,137042.7692307585,285.0,163.0,229.0,215.42857142857142,3237.2857142858106,222.21428571428572,4145.258241758213,-65.0,27.0,-5.0,-26.714285714285715,3870.2380952380463,-31.142857142857142,3732.1318681318817,6,4,1,0,6681.0,191.0,-15.0
2024-04-15,144.0,303.0,176.0,6681,191.0,-15.0,Monday,1,6630.0,7317.0,7919.0,6981.571428571428,40845.619047629974,7261.357142857143,145277.32417581297,290.0,225.0,208.0,233.57142857142858,3321.9523809524558,226.57142857142858,4474.725274725245,-47.0,-73.0,-8.0,-37.285714285714285,3327.5714285713834,-34.142857142857146,3689.2087912088045,0,4,0,0,6685.0,163.0,42.0
2024-04-16,219.0,392.0,205.0,6685,163.0,42.0,Tuesday,1,6681.0,6982.0,7893.0,6890.714285714285,27519.90476191489,7172.928571428572,129496.22527471358,191.0,279.0,215.0,228.71428571428572,3584.238095238176,225.35714285714286,4543.939560439531,-15.0,-46.0,-30.0,-29.0,3117.6666666666183,-34.642857142857146,3664.5549450549584,1,4,0,0,6725.0,227.0,47.0
2024-04-17,182.0,371.0,274.0,6725,227.0,47.0,Wednesday,1,6685.0,6988.0,7762.0,6848.285714285715,31083.904761914495,7086.642857142857,99906.86263735051,163.0,199.0,360.0,212.14285714285714,3562.1428571429587,221.64285714285714,4819.939560439532,42.0,-32.0,-112.0,-16.428571428571427,3725.2857142856615,-29.5,4086.2692307692455,2,4,0,0,6728.0,260.0,-2.0
2024-04-18,144.0,322.0,258.0,6728,260.0,-2.0,Thursday,1,6725.0,7043.0,7257.0,6810.714285714285,28716.904761914146,7012.571428571428,68973.49450548209,227.0,130.0,287.0,216.14285714285714,3551.476190476287,212.14285714285714,3252.439560439535,47.0,87.0,-136.0,-5.142857142857143,4206.8095238094675,-18.142857142857142,3873.978021978039,3,4,0,0,6745.0,240.0,103.0
2024-04-21,208.0,380.0,343.0,6745,240.0,103.0,Sunday,3,6728.0,6999.0,7271.0,6765.714285714285,18501.904761913727,6974.785714285715,69069.41208789949,260.0,227.0,172.0,234.71428571428572,2232.9047619048347,210.21428571428572,2993.5659340659095,-2.0,-85.0,-1.0,-17.857142857142858,2604.809523809472,-8.571428571428571,2726.87912087914,6,4,1,0,6799.0,214.0,37.0
2024-04-22,176.0,424.0,251.0,6799,214.0,37.0,Monday,1,6745.0,6912.0,7340.0,6729.428571428572,7966.952380961001,6937.214285714285,64861.41208789929,240.0,285.0,132.0,236.57142857142858,2223.619047619118,215.07142857142858,2924.071428571403,103.0,-65.0,43.0,9.0,3446.3333333332716,-1.1428571428571428,3620.593406593427,0,4,0,0,6967.0,134.0,173.0
2024-04-23,252.0,427.0,307.0,6967,134.0,173.0,Tuesday,1,6799.0,6630.0,7346.0,6713.285714285715,2914.238095246555,6898.571428571428,52243.032967019986,214.0,290.0,163.0,226.42857142857142,1797.6190476191305,220.92857142857142,2356.379120879094,37.0,-47.0,27.0,23.571428571428573,2416.6190476189804,-1.5714285714285714,3582.417582417603,1,4,0,0,7128.0,154.0,153.0
2024-04-24,253.0,411.0,307.0,7128,154.0,153.0,Wednesday,1,6967.0,6681.0,7317.0,6761.428571428572,9782.619047628095,6871.5,36414.576923063825,134.0,191.0,225.0,204.14285714285714,1968.4761904763002,218.85714285714286,2674.901098901072,173.0,-15.0,-73.0,55.0,4155.666666666588,8.857142857142858,5746.7472527472755,2,4,0,0,7209.0,217.0,116.0
2024-04-25,145.0,357.0,333.0,7209,217.0,116.0,Thursday,1,7128.0,6685.0,6982.0,6825.285714285715,26342.90476191467,6858.0,26012.307692294547,154.0,163.0,279.0,198.85714285714286,2326.1428571429733,213.78571428571428,2967.873626373601,153.0,42.0,-46.0,79.0,4267.666666666579,25.0,6548.9230769231035,3,4,0,0,7298.0,250.0,115.0
2024-04-28,158.0,349.0,365.0,7298,250.0,115.0,Sunday,3,7209.0,6725.0,6988.0,6900.142857142857,41064.80952382046,6874.214285714285,34023.41208789902,217.0,227.0,199.0,206.57142857142858,2097.285714285821,209.35714285714286,2620.4010989010744,116.0,47.0,-32.0,89.57142857142857,4137.285714285622,36.57142857142857,6653.956043956074,6,4,1,0,7373.0,187.0,68.0
2024-04-29,140.0,292.0,255.0,7373,187.0,68.0,Monday,1,7298.0,6728.0,7043.0,6982.0,54516.66666667868,6896.357142857143,46314.40109888812,250.0,260.0,130.0,209.85714285714286,2329.476190476293,213.0,2724.9230769230517,115.0,-2.0,87.0,99.28571428571429,3832.9047619046664,47.07142857142857,6646.686813186846,0,4,0,0,7431.0,135.0,59.0
2024-04-30,220.0,443.0,194.0,7431,135.0,59.0,Tuesday,1,7373.0,6745.0,6999.0,7074.142857142857,59338.80952382275,6919.928571428572,61537.91758240469,187.0,240.0,227.0,199.42857142857142,1870.619047619163,217.07142857142858,2229.1483516483254,68.0,103.0,-85.0,109.28571428571429,2169.5714285713298,45.714285714285715,6555.758241758274,1,4,0,0,7508.0,190.0,105.0
2024-05-01,197.0,437.0,295.0,7508,190.0,105.0,Wednesday,1,7431.0,6799.0,6912.0,7172.142857142857,51302.80952382403,6950.785714285715,80123.4120878993,135.0,214.0,285.0,184.42857142857142,2025.6190476191805,210.5,2693.1923076922826,59.0,37.0,-65.0,103.0,2538.3333333332366,56.0,5141.076923076959,2,5,0,0,7577.0,194.0,99.0
2024-05-02,206.0,411.0,293.0,7577,194.0,99.0,Thursday,1,7508.0,6967.0,6630.0,7273.428571428572,34928.28571430155,6993.357142857143,101939.6318681192,190.0,134.0,290.0,181.0,1871.3333333334701,203.71428571428572,2248.989010988987,105.0,173.0,-47.0,112.71428571428571,1702.9047619046617,68.14285714285714,4040.747252747292,3,5,0,0,7447.0,332.0,-104.0
2024-05-05,150.0,315.0,228.0,7447,332.0,-104.0,Sunday,3,7577.0,7128.0,6681.0,7360.571428571428,25778.28571430266,7061.0,113059.0769230645,194.0,154.0,191.0,189.57142857142858,1445.6190476191748,196.85714285714286,1632.9010989010762,99.0,153.0,-15.0,102.14285714285714,998.142857142761,78.57142857142857,2977.0329670330093,6,5,1,0,7449.0,205.0,6.0
2024-05-06,173.0,337.0,211.0,7449,205.0,6.0,Monday,1,7447.0,7209.0,6685.0,7406.142857142857,15585.476190493735,7115.714285714285,110188.68131866906,332.0,217.0,163.0,215.0,3861.3333333334326,206.92857142857142,2925.9175824175572,-104.0,116.0,42.0,65.42857142857143,6076.952380952298,72.21428571428571,4824.027472527512,0,5,0,0,7566.0,163.0,83.0
2024-05-07,176.0,334.0,246.0,7566,163.0,83.0,Tuesday,1,7449.0,7298.0,6725.0,7440.428571428572,8042.619047637038,7170.285714285715,101255.75824174614,205.0,250.0,227.0,213.28571428571428,3873.9047619048633,209.92857142857142,2768.0714285714025,6.0,115.0,47.0,49.714285714285715,5951.238095238018,69.64285714285714,5083.9395604395995,1,5,0,0,7583.0,202.0,3.0
2024-05-08,167.0,374.0,205.0,7583,202.0,3.0,Wednesday,1,7566.0,7373.0,6728.0,7478.714285714285,5579.571428589882,7230.357142857143,94162.70879119687,163.0,187.0,260.0,200.85714285714286,3890.476190476305,205.35714285714286,2892.5549450549197,83.0,68.0,-2.0,45.142857142857146,5401.142857142781,72.21428571428571,5051.104395604436,2,5,0,0,7570.0,244.0,24.0
2024-05-09,138.0,285.0,268.0,7570,244.0,24.0,Thursday,1,7583.0,7431.0,6745.0,7508.714285714285,4479.571428590228,7291.428571428572,80299.4945054828,202.0,135.0,240.0,203.0,3853.3333333334454,201.21428571428572,2645.2582417582166,3.0,59.0,103.0,35.857142857142854,5509.476190476118,72.57142857142857,4995.802197802238,3,5,0,0,7464.0,245.0,18.0
2024-05-12,138.0,301.0,263.0,7464,245.0,18.0,Sunday,3,7570.0,7508.0,6799.0,7528.571428571428,3638.9523809714196,7350.357142857143,59561.17032965886,244.0,190.0,214.0,218.57142857142858,3079.9523809524767,201.5,2670.2692307692055,24.0,105.0,37.0,30.857142857142858,5414.47619047612,66.92857142857143,5071.763736263775,6,5,1,0,7499.0,157.0,10.0
2024-05-13,112.0,331.0,167.0,7499,157.0,10.0,Monday,1,7464.0,7577.0,6967.0,7522.285714285715,4217.238095257059,7397.857142857143,34740.59340658212,245.0,194.0,134.0,226.42857142857142,2988.2857142858015,203.71428571428572,2798.527472527447,18.0,99.0,173.0,18.428571428571427,4345.619047618981,65.57142857142857,5185.032967033006,0,5,0,0,7546.0,186.0,32.0
2024-05-14,246.0,419.0,218.0,7546,186.0,32.0,Tuesday,1,7499.0,7447.0,7128.0,7511.142857142857,3663.809523828355,7435.857142857143,19692.593406582248,157.0,332.0,154.0,221.14285714285714,3583.809523809616,205.35714285714286,2589.631868131842,10.0,-104.0,153.0,5.714285714285714,3086.9047619046996,53.92857142857143,4388.840659340694,1,5,0,0,7589.0,265.0,76.0
2024-05-15,115.0,285.0,341.0,7589,265.0,76.0,Wednesday,1,7546.0,7449.0,7209.0,7525.285714285715,2947.238095257088,7465.714285714285,12375.296703285638,186.0,205.0,217.0,200.28571428571428,1233.9047619048763,207.64285714285714,2409.939560439534,32.0,6.0,116.0,25.142857142857142,755.4761904761216,45.285714285714285,3590.3736263736596,2,5,0,0,7565.0,234.0,-20.0
2024-05-16,206.0,340.0,214.0,7565,234.0,-20.0,Thursday,1,7589.0,7566.0,7298.0,7545.285714285715,2187.2380952573158,7492.857142857143,7681.670329659339,265.0,163.0,250.0,208.85714285714286,1842.4761904762963,211.07142857142858,2643.6098901098626,76.0,83.0,115.0,35.142857142857146,1008.8095238094512,42.42857142857143,3269.494505494538,3,5,0,0,7356.0,298.0,-20.0
2024-05-19,143.0,295.0,278.0,7356,298.0,-20.0,Sunday,3,7565.0,7583.0,7373.0,7545.142857142857,2180.476190495408,7511.928571428572,4769.609890098958,234.0,202.0,187.0,219.0,1477.3333333334292,209.92857142857142,2566.0714285714016,-20.0,3.0,68.0,20.428571428571427,881.2857142856469,32.785714285714285,3064.0274725275017,6,5,1,0,7368.0,192.0,25.0
2024-05-20,111.0,268.0,217.0,7368,192.0,25.0,Monday,1,7356.0,7570.0,7431.0,7512.714285714285,6677.23809525694,7510.714285714285,5153.604395593465,298.0,244.0,135.0,232.71428571428572,2249.904761904844,217.85714285714286,3054.593406593378,-20.0,24.0,59.0,17.142857142857142,1090.4761904761242,26.5,3140.4230769231044,0,5,0,0,7404.0,145.0,31.0
2024-05-21,196.0,348.0,176.0,7404,145.0,31.0,Tuesday,1,7368.0,7464.0,7508.0,7483.857142857143,8649.142857161356,7506.214285714285,6209.719780208836,192.0,245.0,190.0,225.28571428571428,2440.571428571518,221.92857142857142,2560.0714285713984,25.0,18.0,105.0,17.285714285714285,1092.9047619046958,24.071428571428573,3052.9945054945324,1,5,0,0,7474.0,208.0,64.0
2024-05-22,168.0,349.0,272.0,7474,208.0,64.0,Wednesday,1,7404.0,7499.0,7577.0,7475.285714285715,9560.571428589825,7498.785714285715,6953.719780208818,145.0,157.0,194.0,211.0,3212.0000000001032,218.71428571428572,2925.758241758212,31.0,10.0,99.0,19.142857142857142,1120.1428571427903,18.785714285714285,2522.7967032967285,2,5,0,0,7494.0,227.0,87.0
2024-05-23,193.0,272.0,314.0,7494,227.0,87.0,Thursday,1,7474.0,7546.0,7447.0,7471.714285714285,9452.23809525645,7491.428571428572,6472.109890098908,208.0,186.0,332.0,218.28571428571428,2665.5714285715244,219.71428571428572,2886.527472527443,64.0,32.0,-104.0,26.857142857142858,1372.1428571427878,16.285714285714285,2178.373626373651,3,5,0,0,7365.0,167.0,85.0
2024-05-27,156.0,344.0,252.0,7365,167.0,85.0,Monday,4,7494.0,7589.0,7449.0,7464.285714285715,8550.904761923031,7494.785714285715,6308.642857131879,227.0,265.0,205.0,224.14285714285714,2464.4761904762804,212.21428571428572,1860.181318681291,87.0,76.0,6.0,34.714285714285715,1898.5714285713566,29.928571428571427,1249.6098901099188,0,5,0,1,7418.0,151.0,88.0
2024-05-28,153.0,348.0,239.0,7418,151.0,88.0,Tuesday,1,7365.0,7565.0,7566.0,7432.285714285715,6406.904761922669,7488.785714285715,7404.335164824179,167.0,234.0,163.0,210.14285714285714,2501.809523809628,209.5,2005.4999999999732,85.0,-20.0,83.0,36.0,2033.9999999999275,35.57142857142857,1404.571428571459,1,5,0,0,7491.0,141.0,17.0
2024-05-29,182.0,462.0,158.0,7491,141.0,17.0,Wednesday,1,7418.0,7356.0,7583.0,7411.285714285715,2990.904761922418,7478.214285714285,7210.796703285706,151.0,298.0,202.0,198.28571428571428,2825.9047619048783,208.64285714285714,2101.631868131841,88.0,-20.0,3.0,51.42857142857143,1684.2857142856365,35.92857142857143,1442.8406593406896,2,5,0,0,7563.0,190.0,149.0
2024-05-30,167.0,406.0,339.0,7563,190.0,149.0,Thursday,1,7491.0,7368.0,7570.0,7430.571428571428,3106.619047636918,7471.642857142857,6332.24725273625,141.0,192.0,244.0,175.85714285714286,1128.8095238096641,204.28571428571428,2429.7582417582157,17.0,25.0,24.0,56.714285714285715,998.904761904682,36.92857142857143,1385.917582417613,3,5,0,0,7546.0,306.0,16.0
2024-06-02,159.0,330.0,322.0,7546,306.0,16.0,Sunday,3,7563.0,7404.0,7464.0,7458.428571428572,4471.619047637217,7471.142857142857,6229.824175813173,190.0,145.0,245.0,175.57142857142858,1118.6190476191882,200.42857142857142,2308.109890109865,149.0,31.0,18.0,74.42857142857143,1884.619047618961,45.857142857142854,2253.3626373626707,6,6,1,0,7596.0,224.0,33.0
2024-06-03,109.0,244.0,257.0,7596,224.0,33.0,Monday,1,7546.0,7474.0,7499.0,7478.714285714285,4775.904761923153,7477.0,6619.999999988998,306.0,208.0,157.0,198.57142857142858,3180.9523809524967,204.78571428571428,2992.1813186812924,16.0,64.0,10.0,72.28571428571429,2133.904761904676,45.714285714285715,2262.2197802198134,0,6,0,0,7565.0,203.0,-27.0
2024-06-04,260.0,356.0,176.0,7565,203.0,-27.0,Tuesday,1,7596.0,7494.0,7546.0,7496.142857142857,6710.4761904947745,7483.928571428572,7620.379120868117,224.0,227.0,186.0,200.85714285714286,3267.8095238096375,209.57142857142858,2820.263736263709,33.0,87.0,32.0,67.85714285714286,2356.8095238094397,47.357142857142854,2173.6318681319017,1,6,0,0,7691.0,198.0,93.0
2024-06-05,173.0,345.0,291.0,7691,198.0,93.0,Wednesday,1,7565.0,7365.0,7589.0,7506.285714285715,7379.9047619234625,7485.285714285715,7827.604395593389,203.0,167.0,265.0,197.42857142857142,3140.952380952498,210.78571428571428,2779.2582417582144,-27.0,85.0,76.0,51.57142857142857,3485.952380952303,43.142857142857146,2561.6703296703618,2,6,0,0,7741.0,238.0,44.0
2024-06-06,179.0,326.0,282.0,7741,238.0,44.0,Thursday,1,7691.0,7418.0,7565.0,7552.857142857143,7209.1428571621045,7492.571428571428,10198.263736252733,198.0,151.0,234.0,201.85714285714286,2963.809523809636,206.0,2541.076923076897,93.0,88.0,-20.0,52.714285714285715,3584.238095238017,44.357142857142854,2668.2472527472855,3,6,0,0,7451.0,312.0,-146.0
2024-06-09,116.0,289.0,166.0,7451,312.0,-146.0,Sunday,3,7741.0,7491.0,7356.0,7599.0,7593.666666686443,7505.142857142857,14371.978021967023,238.0,141.0,298.0,214.28571428571428,2570.238095238194,206.28571428571428,2559.4505494505233,44.0,17.0,-20.0,46.42857142857143,3343.2857142856387,48.92857142857143,2327.148351648386,6,6,1,0,7439.0,212.0,17.0
2024-06-10,184.0,334.0,229.0,7439,212.0,17.0,Monday,1,7451.0,7563.0,7368.0,7593.285714285715,9262.238095257795,7511.928571428572,12836.840659329664,312.0,190.0,192.0,238.71428571428572,2570.238095238167,207.28571428571428,2770.9890109889843,-146.0,149.0,25.0,23.142857142857142,8737.809523809457,39.92857142857143,4797.302197802229,0,6,0,0,7493.0,156.0,68.0
2024-06-11,186.0,352.0,224.0,7493,156.0,68.0,Tuesday,1,7439.0,7546.0,7404.0,7575.571428571428,12710.619047638551,7517.0,11624.769230758235,212.0,306.0,145.0,241.85714285714286,2282.142857142925,208.71428571428572,2752.5274725274453,17.0,16.0,31.0,4.285714285714286,5689.238095238036,39.357142857142854,4820.247252747284,1,6,0,0,7548.0,212.0,62.0
2024-06-12,152.0,266.0,274.0,7548,212.0,62.0,Wednesday,1,7493.0,7596.0,7474.0,7568.0,13634.333333352755,7523.357142857143,10643.32417581318,156.0,224.0,208.0,220.42857142857142,2289.285714285806,209.5,2653.3461538461265,68.0,33.0,64.0,11.714285714285714,6278.571428571366,42.0,4870.46153846157,2,6,0,0,7544.0,259.0,-29.0
2024-06-13,167.0,293.0,230.0,7544,259.0,-29.0,Thursday,1,7548.0,7565.0,7494.0,7561.142857142857,13515.476190495545,7528.642857142857,10472.554945043947,212.0,203.0,227.0,218.71428571428572,2295.571428571522,209.78571428571428,2653.5659340659063,62.0,-27.0,87.0,15.857142857142858,6604.476190476126,41.857142857142854,4863.978021978054,3,6,0,0,7307.0,294.0,-61.0
2024-06-16,204.0,315.0,233.0,7307,294.0,-61.0,Sunday,3,7544.0,7691.0,7365.0,7558.142857142857,13551.476190495518,7532.214285714285,10384.642857131852,259.0,198.0,167.0,226.71428571428572,2450.23809523818,212.07142857142858,2811.4560439560155,-29.0,93.0,85.0,15.571428571428571,6633.619047618984,33.57142857142857,5019.494505494536,6,6,1,0,7318.0,224.0,48.0
2024-06-17,159.0,310.0,272.0,7318,224.0,48.0,Monday,1,7307.0,7741.0,7418.0,7503.285714285715,17610.90476192358,7528.071428571428,12116.994505483512,294.0,238.0,151.0,240.42857142857142,2847.9523809524508,221.14285714285714,3082.901098901068,-61.0,44.0,88.0,-6.428571428571429,6046.952380952326,23.142857142857142,5386.901098901126,0,6,0,0,7340.0,214.0,39.0
2024-06-18,160.0,297.0,253.0,7340,214.0,39.0,Tuesday,1,7318.0,7451.0,7491.0,7442.857142857143,9654.476190494399,7520.928571428572,14524.68681317584,224.0,312.0,141.0,238.42857142857142,2887.2857142857865,226.35714285714286,2675.785714285682,48.0,-146.0,17.0,-5.857142857142857,6116.476190476135,20.285714285714285,5102.06593406596,1,6,0,0,7433.0,198.0,48.0
2024-06-19,204.0,321.0,246.0,7433,198.0,48.0,Wednesday,1,7340.0,7439.0,7563.0,7427.0,11113.333333351373,7510.142857142857,16848.593406582466,214.0,212.0,190.0,224.42857142857142,1855.9523809524687,231.57142857142858,2097.8021978021643,39.0,17.0,149.0,20.571428571428573,2363.6190476189827,21.857142857142858,5125.51648351651,2,6,0,1,7431.0,235.0,8.0
2024-06-20,145.0,247.0,243.0,7431,235.0,8.0,Thursday,1,7433.0,7493.0,7546.0,7426.142857142857,11094.47619049422,7500.857142857143,16998.593406582495,198.0,156.0,306.0,222.42857142857142,1941.9523809524708,232.14285714285714,2051.2087912087572,48.0,68.0,16.0,25.0,2463.9999999999336,14.642857142857142,3878.554945054969,3,6,0,0,7247.0,294.0,-93.0
2024-06-23,102.0,227.0,201.0,7247,294.0,-93.0,Sunday,3,7431.0,7548.0,7596.0,7417.285714285715,10261.904761922695,7492.642857142857,17144.55494504406,235.0,212.0,224.0,233.71428571428572,1084.2380952381727,227.07142857142858,1604.5329670329347,8.0,62.0,33.0,16.428571428571427,2118.285714285651,14.071428571428571,3881.4560439560673,6,6,1,0,7239.0,202.0,-30.0
2024-06-24,116.0,175.0,172.0,7239,202.0,-30.0,Monday,1,7247.0,7544.0,7565.0,7374.285714285715,10089.904761922206,7467.714285714285,20295.142857132054,294.0,259.0,203.0,245.42857142857142,1451.285714285779,232.07142857142858,1921.4560439560098,-93.0,-29.0,-27.0,-5.714285714285714,3195.9047619047064,5.071428571428571,4648.532967032988,0,6,0,0,7239.0,202.0,-11.0
2024-06-25,172.0,263.0,191.0,7239,202.0,-11.0,Tuesday,1,7239.0,7307.0,7691.0,7330.714285714285,6124.9047619217135,7444.428571428572,23007.03296702222,202.0,294.0,198.0,237.28571428571428,1657.571428571502,232.0,1925.999999999966,-30.0,-61.0,93.0,-5.857142857142857,3203.8095238094684,4.857142857142857,4663.978021978043,1,6,0,0,7268.0,187.0,10.0
2024-06-26,132.0,235.0,197.0,7268,187.0,10.0,Wednesday,1,7239.0,7318.0,7741.0,7321.0,7323.000000016828,7412.142857142857,20453.978021967367,202.0,224.0,238.0,224.14285714285714,1127.4761904762786,232.28571428571428,1906.2197802197463,-11.0,48.0,44.0,1.2857142857142858,2641.9047619047037,-2.5714285714285716,4026.263736263756,2,6,0,0,7248.0,268.0,-12.0
2024-06-27,174.0,208.0,256.0,7248,268.0,-12.0,Thursday,1,7268.0,7340.0,7451.0,7313.857142857143,7730.142857159596,7378.357142857143,12503.939560429006,187.0,214.0,312.0,218.85714285714286,1324.8095238096178,228.64285714285714,2047.1703296702967,10.0,39.0,-146.0,-4.142857142857143,2256.4761904761344,-5.0,3865.230769230788,3,6,0,0,6874.0,273.0,-106.0
2024-06-30,123.0,230.0,167.0,6874,273.0,-106.0,Sunday,3,7248.0,7433.0,7439.0,7300.714285714285,8137.571428587998,7363.857142857143,13178.747252736737,268.0,198.0,212.0,226.57142857142858,1653.9523809524665,225.5,1621.1923076922758,-12.0,48.0,17.0,-11.428571428571429,1894.619047618994,4.571428571428571,2241.032967032989,6,6,1,0,6825.0,229.0,-70.0
2024-07-01,123.0,233.0,159.0,6825,229.0,-70.0,Monday,1,6874.0,7431.0,7493.0,7220.857142857143,28128.47619049164,7323.5,29448.88461537424,273.0,235.0,156.0,237.28571428571428,1743.238095238169,229.85714285714286,1760.2857142856813,-106.0,8.0,68.0,-33.42857142857143,2231.9523809523357,-4.214285714285714,3086.4890109890302,0,7,0,0,6823.0,184.0,4.0
2024-07-02,141.0,232.0,188.0,6823,184.0,4.0,Tuesday,1,6825.0,7247.0,7548.0,7134.285714285715,38141.90476191903,7275.785714285715,43902.642857132705,229.0,294.0,212.0,236.42857142857142,1752.952380952456,235.07142857142858,1311.4560439560096,-70.0,-93.0,62.0,-44.57142857142857,2023.9523809523396,-14.071428571428571,2913.6098901099062,1,7,0,0,6790.0,225.0,-34.0
2024-07-04,158.0,226.0,191.0,6790,225.0,-34.0,Thursday,2,6823.0,7239.0,7544.0,7073.714285714285,47893.90476191817,7224.0,51084.92307691315,184.0,202.0,259.0,220.71428571428572,1370.571428571521,233.07142857142858,1466.8406593406255,4.0,-30.0,-29.0,-30.714285714285715,1802.2380952380488,-18.214285714285715,2475.104395604411,3,7,0,1,6599.0,213.0,20.0
2024-07-07,96.0,160.0,233.0,6599,213.0,20.0,Sunday,3,6790.0,7239.0,7307.0,7009.571428571428,51956.285714298254,7170.142857142857,54573.20879119905,225.0,202.0,294.0,224.0,1302.6666666667554,230.64285714285714,1413.7857142856813,-34.0,-11.0,-61.0,-31.285714285714285,1803.571428571382,-18.571428571428573,2485.186813186828,6,7,1,0,6617.0,123.0,6.0
2024-07-08,141.0,173.0,129.0,6617,123.0,6.0,Monday,1,6599.0,7268.0,7318.0,6918.142857142857,61525.80952382085,7119.571428571428,75470.87912086958,213.0,187.0,224.0,225.57142857142858,1239.285714285801,224.85714285714286,1092.9010989010674,20.0,10.0,48.0,-26.857142857142858,2150.476190476142,-12.785714285714286,2425.1043956044127,0,7,0,0,6651.0,130.0,52.0
2024-07-09,116.0,181.0,182.0,6651,130.0,52.0,Tuesday,1,6617.0,7248.0,7340.0,6825.142857142857,46149.809523819604,7069.5,89171.19230768296,123.0,268.0,214.0,216.42857142857142,2647.285714285811,217.64285714285714,1834.8626373626075,6.0,-12.0,39.0,-27.428571428571427,2103.619047619,-15.785714285714286,2158.335164835181,1,7,0,0,6649.0,177.0,24.0
2024-07-10,150.0,157.0,201.0,6649,177.0,24.0,Wednesday,1,6651.0,6874.0,7433.0,6739.857142857143,12916.809523818438,7020.285714285715,94406.83516482597,130.0,273.0,198.0,196.71428571428572,2995.571428571547,211.64285714285714,2385.939560439532,52.0,-106.0,48.0,-18.285714285714285,3017.9047619047105,-14.857142857142858,2279.9780219780378,2,7,0,0,6640.0,197.0,-72.0
2024-07-11,80.0,176.0,125.0,6640,197.0,-72.0,Thursday,1,6649.0,6825.0,7431.0,6707.714285714285,10088.238095246548,6964.285714285715,88531.1428571338,177.0,229.0,235.0,183.0,1871.0000000001335,210.14285714285714,2461.5164835164555,24.0,-70.0,8.0,0.2857142857142857,1631.2380952380372,-16.571428571428573,2089.0329670329825,3,7,0,0,6308.0,237.0,-73.0
2024-07-14,116.0,188.0,164.0,6308,237.0,-73.0,Sunday,3,6640.0,6823.0,7247.0,6681.285714285715,7744.9047619128505,6907.785714285715,76427.10439559552,197.0,184.0,294.0,178.42857142857142,1526.6190476191857,207.42857142857142,2419.340659340632,-72.0,4.0,-93.0,0.0,1678.6666666666085,-22.285714285714285,2243.7582417582553,6,7,1,0,6283.0,171.0,-13.0
2024-07-15,105.0,185.0,158.0,6283,171.0,-13.0,Monday,1,6308.0,6790.0,7239.0,6607.714285714285,21306.571428578496,6840.714285714285,90403.75824174959,237.0,225.0,202.0,186.0,2026.3333333334638,203.35714285714286,1892.2472527472262,-73.0,-34.0,-30.0,-11.0,2422.9999999999454,-20.857142857142858,2054.747252747267,0,7,0,0,6239.0,173.0,-50.0
2024-07-16,136.0,246.0,123.0,6239,173.0,-50.0,Tuesday,1,6283.0,6599.0,7239.0,6535.285714285715,27221.571428577514,6772.428571428572,97106.26373625526,171.0,213.0,202.0,178.28571428571428,1740.9047619049004,201.14285714285714,1967.3626373626114,-13.0,20.0,-11.0,-8.0,2324.999999999944,-19.642857142857142,2051.478021978037,1,7,0,0,6228.0,187.0,-10.0
2024-07-17,128.0,228.0,177.0,6228,187.0,-10.0,Wednesday,1,6239.0,6617.0,7268.0,6483.857142857143,38090.14285714822,6701.0,96754.61538460708,173.0,123.0,187.0,172.57142857142858,1506.6190476191916,199.07142857142858,2023.6098901098646,-50.0,6.0,10.0,-18.0,2371.6666666666147,-22.428571428571427,2108.26373626375,2,7,0,0,6058.0,262.0,-57.0
2024-07-21,90.0,196.0,205.0,6058,262.0,-57.0,Sunday,4,6228.0,6651.0,7248.0,6428.285714285715,42443.238095242676,6626.714285714285,83291.75824175005,187.0,130.0,268.0,181.71428571428572,1034.23809523823,199.07142857142858,2023.6098901098646,-10.0,52.0,-12.0,-20.285714285714285,2280.238095238044,-23.857142857142858,2037.0549450549584,6,7,1,0,6002.0,234.0,-79.0
2024-07-22,102.0,189.0,155.0,6002,234.0,-79.0,Monday,1,6058.0,6649.0,6874.0,6343.571428571428,48655.619047622466,6541.714285714285,70698.6813186732,262.0,177.0,273.0,200.57142857142858,1247.9523809524972,198.64285714285714,1962.5549450549197,-57.0,24.0,-106.0,-35.857142857142854,1351.1428571428114,-27.071428571428573,2099.609890109902,0,7,0,0,5965.0,170.0,-44.0
2024-07-23,120.0,257.0,126.0,5965,170.0,-44.0,Tuesday,1,6002.0,6640.0,6825.0,6251.142857142857,42586.142857145154,6479.428571428572,80434.41758240951,234.0,197.0,229.0,208.71428571428572,1264.2380952382036,195.85714285714286,1625.0549450549204,-79.0,-72.0,-70.0,-50.57142857142857,811.6190476190073,-25.142857142857142,1823.8241758241884,1,7,0,0,5927.0,177.0,-11.0
2024-07-24,137.0,272.0,166.0,5927,177.0,-11.0,Wednesday,1,5965.0,6308.0,6823.0,6154.714285714285,20182.571428572624,6418.0,87541.23076922273,170.0,237.0,184.0,204.85714285714286,1473.8095238096357,191.64285714285714,1572.8626373626144,-44.0,-73.0,4.0,-46.57142857142857,723.6190476190059,-23.285714285714285,1692.681318681332,2,7,0,0,5954.0,194.0,14.0
2024-07-25,93.0,198.0,208.0,5954,194.0,14.0,Thursday,1,5927.0,6283.0,6790.0,6100.285714285715,21452.571428571973,6354.0,89057.53846153044,177.0,171.0,225.0,196.28571428571428,1345.238095238215,191.14285714285714,1584.5934065933839,-11.0,-13.0,-34.0,-37.714285714285715,726.5714285713833,-24.357142857142858,1645.7857142857274,3,7,0,0,5743.0,207.0,-8.0
2024-07-28,152.0,290.0,199.0,5743,207.0,-8.0,Sunday,3,5954.0,6239.0,6599.0,6053.285714285715,16877.90476190476,6294.285714285715,82902.37362636557,194.0,173.0,213.0,199.57142857142858,1226.9523809524978,188.92857142857142,1491.7637362637142,14.0,-50.0,20.0,-33.857142857142854,1053.1428571428103,-20.928571428571427,1739.1483516483656,6,7,1,0,5819.0,163.0,56.0
2024-07-29,114.0,210.0,219.0,5819,163.0,56.0,Monday,1,5743.0,6228.0,6617.0,5982.428571428572,21318.28571428487,6233.142857142857,95112.13186812376,207.0,187.0,123.0,204.42857142857142,1090.9523809524933,188.5,1472.1153846153627,-8.0,-10.0,6.0,-27.857142857142858,1079.142857142808,-22.928571428571427,1618.8406593406726,0,7,0,0,5930.0,92.0,116.0
2024-07-30,125.0,203.0,208.0,5930,92.0,116.0,Tuesday,1,5819.0,6058.0,6651.0,5924.0,11735.99999999842,6176.142857142857,93472.2857142776,163.0,262.0,130.0,201.0,1312.666666666782,191.35714285714286,1183.3241758241531,56.0,-57.0,52.0,-18.428571428571427,2094.2857142856615,-19.357142857142858,2019.939560439575,1,7,0,0,5963.0,154.0,9.0
2024-07-31,140.0,261.0,163.0,5963,154.0,9.0,Wednesday,1,5930.0,6002.0,6649.0,5905.714285714285,8359.238095236286,6124.642857142857,77931.17032966221,92.0,234.0,177.0,176.71428571428572,1984.571428571565,188.64285714285714,1645.1703296703079,116.0,-79.0,24.0,6.285714285714286,4145.571428571367,-14.785714285714286,3015.1043956044114,2,7,0,0,6016.0,169.0,43.0
2024-08-01,227.0,298.0,212.0,6016,169.0,43.0,Thursday,1,5963.0,5965.0,6640.0,5900.142857142857,7324.809523807646,6075.642857142857,56205.324175816044,154.0,170.0,197.0,165.28571428571428,1371.2380952382418,187.0,1724.1538461538248,9.0,-44.0,-72.0,18.857142857142858,2750.1428571427896,-15.857142857142858,2941.670329670345,3,8,0,0,5943.0,170.0,-27.0
2024-08-04,63.0,167.0,143.0,5943,170.0,-27.0,Sunday,3,6016.0,5927.0,6308.0,5907.428571428572,8798.952380950597,6031.071428571428,29839.609890101718,169.0,177.0,237.0,165.14285714285714,1369.8095238096705,185.0,1737.0769230769024,43.0,-11.0,-73.0,31.285714285714285,2008.571428571356,-7.642857142857143,2893.016483516501,6,8,1,0,5950.0,150.0,-12.0
2024-08-05,172.0,259.0,138.0,5950,150.0,-12.0,Monday,1,5943.0,5954.0,6283.0,5909.714285714285,8939.904761903003,6005.0,23805.076923068693,170.0,194.0,171.0,164.14285714285714,1349.142857143005,180.21428571428572,1521.7197802197609,-27.0,14.0,-13.0,29.0,2270.6666666665947,-4.357142857142857,2581.631868131887,0,8,0,0,5998.0,143.0,57.0
2024-08-06,163.0,283.0,200.0,5998,143.0,57.0,Tuesday,1,5950.0,5743.0,6239.0,5909.142857142857,8883.14285714109,5981.214285714285,17483.565934057664,150.0,207.0,173.0,157.85714285714286,1187.8095238096773,178.71428571428572,1582.989010988992,-12.0,-8.0,-50.0,25.285714285714285,2497.238095238025,-4.285714285714286,2580.373626373645,1,8,0,0,6038.0,174.0,33.0
2024-08-07,135.0,273.0,207.0,6038,174.0,33.0,Wednesday,1,5998.0,5819.0,6228.0,5945.571428571428,4050.2857142843604,5964.0,12074.307692299413,143.0,163.0,187.0,148.71428571428572,724.5714285715908,176.57142857142858,1673.6483516483333,57.0,56.0,-10.0,34.57142857142857,2379.6190476189736,3.357142857142857,2645.631868131889,2,8,0,0,6084.0,174.0,39.0
2024-08-08,119.0,230.0,213.0,6084,174.0,39.0,Thursday,1,6038.0,5930.0,6058.0,5976.857142857143,1662.142857141831,5950.428571428572,6935.956043947764,174.0,92.0,262.0,150.28571428571428,794.238095238256,175.64285714285714,1664.8626373626191,33.0,116.0,-57.0,31.285714285714285,2290.904761904689,6.428571428571429,2689.340659340681,3,8,0,0,5894.0,249.0,-109.0
2024-08-11,95.0,211.0,140.0,5894,249.0,-109.0,Sunday,3,6084.0,5963.0,6002.0,5998.857142857143,2644.809523808721,5952.285714285715,7414.527472519188,174.0,154.0,234.0,162.0,161.66666666681687,169.35714285714286,1048.8626373626207,39.0,9.0,-79.0,20.285714285714285,963.5714285713599,13.285714285714286,2410.835164835189,6,8,1,0,5903.0,148.0,7.0
2024-08-12,109.0,219.0,155.0,5903,148.0,7.0,Monday,1,5894.0,6016.0,5965.0,5989.0,4149.666666665762,5944.571428571428,7421.648351640077,249.0,169.0,170.0,175.57142857142858,1197.619047619185,170.42857142857142,1214.1098901098733,-109.0,43.0,-44.0,3.4285714285714284,3396.6190476189854,11.142857142857142,2901.054945054969,0,8,0,0,5981.0,123.0,66.0
2024-08-13,162.0,239.0,189.0,5981,123.0,66.0,Tuesday,1,5903.0,5943.0,5927.0,5972.857142857143,4956.809523808449,5940.142857142857,7501.36263735437,148.0,170.0,177.0,172.57142857142858,1306.619047619188,168.85714285714286,1250.1318681318514,7.0,-27.0,-11.0,-1.7142857142857142,3106.904761904701,14.785714285714286,2654.1813186813433,1,8,0,0,5987.0,178.0,13.0
2024-08-14,109.0,226.0,191.0,5987,178.0,13.0,Wednesday,1,5981.0,5950.0,5954.0,5978.285714285715,4784.90476190374,5944.0,7600.461538453268,123.0,150.0,194.0,165.85714285714286,1662.4761904763373,165.0,1390.769230769215,66.0,-12.0,14.0,11.571428571428571,3558.6190476189818,20.285714285714285,2772.2197802198066,2,8,0,0,5895.0,220.0,-64.0
2024-08-15,124.0,241.0,156.0,5895,220.0,-64.0,Thursday,1,5987.0,5998.0,5743.0,5983.571428571428,4631.6190476180755,5946.357142857143,7729.016483508211,178.0,143.0,207.0,169.85714285714286,1626.4761904763336,163.85714285714286,1337.6703296703142,13.0,57.0,-8.0,15.142857142857142,3451.4761904761235,20.214285714285715,2773.258241758268,3,8,0,0,5821.0,178.0,57.0
2024-08-18,86.0,244.0,235.0,5821,178.0,57.0,Sunday,3,5895.0,6038.0,5819.0,5968.857142857143,5651.809523808431,5957.214285714285,4623.873626365348,220.0,174.0,163.0,180.85714285714286,1784.14285714299,164.78571428571428,1436.0274725274571,-64.0,33.0,56.0,-2.142857142857143,3854.8095238094634,16.214285714285715,3240.33516483519,6,8,1,0,5865.0,158.0,4.0
2024-08-19,176.0,254.0,162.0,5865,158.0,4.0,Monday,1,5821.0,6084.0,5930.0,5937.857142857143,7377.476190474852,5957.357142857143,4581.631868123587,178.0,174.0,92.0,181.42857142857142,1777.2857142858466,165.85714285714286,1447.9780219780062,57.0,39.0,116.0,1.2857142857142858,4218.238095238034,16.285714285714285,3246.527472527498,0,8,0,0,5995.0,112.0,133.0
2024-08-20,136.0,274.0,245.0,5995,112.0,133.0,Tuesday,1,5865.0,5894.0,5963.0,5906.571428571428,3560.619047617476,5952.714285714285,5156.989010980727,158.0,249.0,154.0,179.14285714285714,1853.4761904763247,170.57142857142858,1009.186813186796,4.0,-109.0,9.0,-3.7142857142857144,3953.2380952380354,8.285714285714286,2424.373626373649,1,8,0,0,6028.0,156.0,11.0
2024-08-21,134.0,245.0,167.0,6028,156.0,11.0,Wednesday,1,5995.0,5903.0,6016.0,5921.0,4594.66666666519,5955.0,5280.76923076095,112.0,148.0,169.0,159.57142857142858,1344.6190476191998,167.57142857142858,1242.26373626372,133.0,7.0,43.0,30.857142857142858,3826.4761904761176,17.142857142857142,3536.28571428574,2,8,0,0,6054.0,171.0,34.0
2024-08-22,182.0,307.0,205.0,6054,171.0,34.0,Thursday,1,6028.0,5981.0,5943.0,5938.857142857143,6076.8095238081805,5955.857142857143,5403.67032966205,156.0,123.0,170.0,160.71428571428572,1322.9047619049131,166.64285714285714,1251.4780219780062,11.0,66.0,-27.0,31.428571428571427,3796.9523809523075,14.857142857142858,3482.1318681318935,3,8,0,0,6152.0,97.0,125.0
2024-08-27,149.0,285.0,222.0,6152,97.0,125.0,Tuesday,5,6054.0,5987.0,5950.0,5949.285714285715,7863.571428570164,5963.785714285715,6064.181318673048,171.0,178.0,150.0,167.57142857142858,1048.6190476191925,166.71428571428572,1252.065934065918,34.0,13.0,-12.0,26.857142857142858,3574.4761904761185,19.214285714285715,3355.1043956044227,1,8,0,0,6227.0,134.0,44.0
2024-08-28,170.0,285.0,178.0,6227,134.0,44.0,Wednesday,1,6152.0,5895.0,5998.0,5972.857142857143,13827.142857141773,5978.214285714285,8550.335164826907,97.0,220.0,143.0,156.0,1704.3333333334886,162.92857142857142,1588.9945054944908,125.0,-64.0,57.0,42.857142857142854,4849.142857142779,29.0,4037.8461538461843,2,8,0,0,6250.0,169.0,19.0
2024-08-29,145.0,295.0,188.0,6250,169.0,19.0,Thursday,1,6227.0,5821.0,6038.0,6020.285714285715,20957.238095237382,5994.571428571428,12993.186813178558,134.0,178.0,174.0,143.71428571428572,926.238095238261,162.28571428571428,1622.373626373612,44.0,57.0,33.0,58.285714285714285,2668.5714285713443,28.071428571428573,3993.9175824176123,3,8,0,0,6192.0,129.0,69.0
2024-09-02,133.0,270.0,198.0,6192,129.0,69.0,Monday,4,6250.0,5865.0,6084.0,6081.571428571428,18750.95238095211,6009.714285714285,17619.912087903816,169.0,158.0,174.0,142.42857142857142,834.952380952548,161.92857142857142,1615.1483516483374,19.0,4.0,39.0,52.857142857142854,2891.142857142775,27.071428571428573,3997.302197802227,0,9,0,1,6272.0,112.0,65.0
2024-09-03,131.0,263.0,177.0,6272,112.0,65.0,Tuesday,1,6192.0,5995.0,5894.0,6128.285714285715,10420.23809523814,6017.428571428572,19687.340659332367,129.0,112.0,249.0,138.28571428571428,804.5714285715991,158.71428571428572,1676.219780219767,69.0,133.0,-109.0,62.142857142857146,2436.142857142771,29.214285714285715,4116.642857142887,1,9,0,0,6375.0,114.0,105.0
2024-09-04,121.0,231.0,219.0,6375,114.0,105.0,Wednesday,1,6272.0,6028.0,5903.0,6167.857142857143,9074.809523809867,6044.428571428572,22715.494505486153,112.0,156.0,148.0,138.28571428571428,804.5714285715991,148.92857142857142,1113.9175824175716,65.0,11.0,7.0,52.42857142857143,1490.6190476189652,41.642857142857146,2579.3241758242098,2,9,0,0,6448.0,121.0,54.0
2024-09-05,126.0,230.0,175.0,6448,121.0,54.0,Thursday,1,6375.0,6054.0,5981.0,6217.428571428572,10099.285714286467,6078.142857142857,28358.747252738838,114.0,171.0,123.0,132.28571428571428,808.5714285716043,146.5,1201.3461538461436,105.0,34.0,66.0,65.85714285714286,1454.8095238094363,48.642857142857146,2743.0164835165197,3,9,0,0,6312.0,221.0,-57.0
2024-09-08,123.0,255.0,164.0,6312,221.0,-57.0,Sunday,3,6448.0,6152.0,5987.0,6273.714285714285,10812.238095239334,6111.5,36957.19230768383,121.0,97.0,178.0,125.14285714285714,520.4761904763722,146.35714285714286,1208.862637362627,54.0,125.0,13.0,68.71428571428571,1299.5714285713398,47.785714285714285,2721.258241758277,6,9,1,0,6353.0,141.0,49.0
2024-09-09,144.0,275.0,190.0,6353,141.0,49.0,Monday,1,6312.0,6227.0,5895.0,6296.571428571428,7977.95238095383,6134.714285714285,38276.835164826654,221.0,134.0,220.0,142.85714285714286,1553.80952380969,149.42857142857142,1550.2637362637251,-57.0,44.0,-64.0,42.714285714285715,2616.904761904684,42.785714285714285,3445.87362637366,0,9,0,0,6396.0,148.0,32.0
2024-09-10,131.0,251.0,180.0,6396,148.0,32.0,Tuesday,1,6353.0,6250.0,5821.0,6314.571428571428,7323.952380953985,6167.428571428572,36369.34065933212,141.0,169.0,178.0,143.85714285714286,1540.1428571430226,143.78571428571428,1138.3351648351554,49.0,19.0,57.0,43.42857142857143,2622.6190476189695,50.857142857142854,2501.51648351652,1,9,0,0,6410.0,162.0,13.0
2024-09-11,93.0,248.0,175.0,6410,162.0,13.0,Wednesday,1,6396.0,6192.0,5865.0,6335.428571428572,7226.619047620851,6208.5,29339.807692299157,148.0,129.0,158.0,140.85714285714286,1427.1428571430254,141.64285714285714,1044.7087912087823,32.0,69.0,4.0,45.285714285714285,2540.9047619046833,49.07142857142857,2522.532967033003,2,9,0,0,6360.0,220.0,-10.0
2024-09-12,184.0,280.0,210.0,6360,220.0,-10.0,Thursday,1,6410.0,6272.0,5995.0,6366.571428571428,3593.2857142878242,6247.428571428572,21754.725274716733,162.0,112.0,112.0,145.57142857142858,1452.2857142858784,141.92857142857142,1055.9175824175736,13.0,65.0,133.0,37.285714285714285,2546.2380952380204,49.714285714285715,2465.9120879121238,3,9,0,0,6326.0,279.0,-67.0
2024-09-13,81.0,200.0,212.0,6326,279.0,-67.0,Friday,1,6360.0,6375.0,6028.0,6379.142857142857,1925.4761904784164,6273.5,17095.961538452982,220.0,114.0,156.0,161.0,1910.0000000001503,149.64285714285714,1391.785714285703,-10.0,105.0,11.0,26.571428571428573,2656.9523809523107,39.5,2094.2692307692637,4,9,0,0,6234.0,210.0,-43.0
2024-09-15,98.0,220.0,167.0,6234,210.0,-43.0,Sunday,2,6326.0,6448.0,6054.0,6372.142857142857,2336.1428571450174,6294.785714285715,12183.873626365077,279.0,121.0,171.0,184.57142857142858,3214.2857142858434,158.42857142857142,2592.725274725261,-67.0,54.0,34.0,2.0,2386.6666666666065,33.92857142857143,2870.8406593406903,6,9,1,0,6229.0,164.0,-4.0
2024-09-16,113.0,209.0,160.0,6229,164.0,-4.0,Monday,1,6234.0,6312.0,6152.0,6341.571428571428,3467.2857142875996,6307.642857142857,7830.247252738718,210.0,221.0,97.0,197.28571428571428,2459.9047619048797,161.21428571428572,2776.796703296689,-43.0,-57.0,125.0,-11.857142857142858,2049.4761904761367,28.428571428571427,3293.4945054945347,0,9,0,0,6227.0,160.0,-21.0
2024-09-17,159.0,304.0,139.0,6227,160.0,-21.0,Tuesday,1,6229.0,6353.0,6227.0,6329.714285714285,5269.571428573203,6313.142857142857,6409.978021969504,164.0,141.0,134.0,189.14285714285714,2473.476190476316,166.0,2435.538461538446,-4.0,49.0,44.0,-4.285714285714286,1653.238095238038,19.214285714285715,2565.5659340659604,1,9,0,0,6245.0,149.0,68.0
2024-09-18,116.0,213.0,217.0,6245,149.0,68.0,Wednesday,1,6227.0,6396.0,6250.0,6311.714285714285,6559.571428573031,6313.142857142857,6409.978021969504,160.0,148.0,169.0,191.85714285714286,2220.14285714298,167.85714285714286,2355.8241758241597,-21.0,32.0,19.0,-14.285714285714286,1109.9047619047092,14.571428571428571,2619.49450549453,2,9,0,0,6270.0,188.0,-19.0
2024-09-19,93.0,196.0,169.0,6270,188.0,-19.0,Thursday,1,6245.0,6410.0,6192.0,6290.142857142857,5574.4761904776,6312.785714285715,6460.33516482665,149.0,162.0,129.0,192.0,2205.6666666667893,166.42857142857142,2380.879120879105,68.0,13.0,69.0,-9.142857142857142,1850.4761904761353,18.071428571428573,2824.379120879147,3,9,0,0,5989.0,197.0,-36.0
2024-09-22,124.0,234.0,161.0,5989,197.0,-36.0,Sunday,3,6270.0,6360.0,6272.0,6270.142857142857,2781.1428571440906,6318.357142857143,5445.478021969514,188.0,220.0,112.0,195.71428571428572,2042.2380952382143,170.64285714285714,2289.7857142856974,-19.0,-10.0,65.0,-13.714285714285714,1760.5714285713755,11.785714285714286,2688.0274725274967,6,9,1,0,6002.0,165.0,8.0
2024-09-23,92.0,203.0,173.0,6002,165.0,8.0,Monday,1,5989.0,6326.0,6375.0,6217.142857142857,11331.80952381029,6298.142857142857,13184.439560431048,197.0,279.0,114.0,192.42857142857142,1931.6190476191696,176.71428571428572,2038.9890109889932,-36.0,-67.0,105.0,-17.428571428571427,1824.9523809523296,4.571428571428571,2589.80219780222,0,9,0,0,6023.0,143.0,29.0
2024-09-24,186.0,259.0,172.0,6023,143.0,29.0,Tuesday,1,6002.0,6234.0,6448.0,6170.857142857143,14571.809523809856,6271.5,18711.807692299142,165.0,210.0,121.0,176.14285714285714,498.4761904763271,180.35714285714286,1732.7087912087727,8.0,-43.0,54.0,-6.714285714285714,1389.238095238039,-2.357142857142857,1763.1703296703492,1,9,0,0,6050.0,169.0,51.0
2024-09-25,154.0,225.0,220.0,6050,169.0,51.0,Wednesday,1,6023.0,6229.0,6312.0,6140.714285714285,16490.904761904803,6241.142857142857,20073.208791200203,143.0,164.0,221.0,166.57142857142858,383.61904761919294,181.92857142857142,1566.3791208791022,29.0,-4.0,-57.0,3.5714285714285716,1258.9523809523203,-4.142857142857143,1591.054945054964,2,9,0,0,6090.0,185.0,-13.0
2024-09-26,91.0,199.0,172.0,6090,185.0,-13.0,Thursday,1,6050.0,6227.0,6353.0,6115.142857142857,15800.476190476,6222.428571428572,22120.263736255143,169.0,160.0,141.0,167.28571428571428,382.90476190490654,178.21428571428572,1446.9505494505315,51.0,-21.0,49.0,11.428571428571429,1552.28571428565,3.5714285714285716,1545.956043956066,3,9,0,0,5925.0,177.0,-24.0
2024-09-29,81.0,213.0,153.0,5925,177.0,-24.0,Sunday,3,6090.0,6245.0,6396.0,6095.571428571428,13373.619047618677,6203.642857142857,21777.78571427712,185.0,149.0,148.0,170.85714285714286,411.47619047633185,181.35714285714286,1333.324175824157,-13.0,68.0,32.0,12.571428571428571,1474.9523809523162,-0.8571428571428571,1387.2087912088116,6,9,1,0,5967.0,138.0,46.0
2024-09-30,209.0,285.0,184.0,5967,138.0,46.0,Monday,1,5925.0,6270.0,6410.0,6049.857142857143,12063.1428571421,6170.0,23685.076923068307,177.0,188.0,162.0,174.85714285714286,319.47619047632816,183.42857142857142,1244.5714285714096,-24.0,-19.0,13.0,-0.5714285714285714,984.2857142856552,-4.857142857142857,1328.1318681318871,0,9,0,0,6040.0,137.0,80.0
2024-10-01,184.0,314.0,217.0,6040,137.0,80.0,Tuesday,1,5967.0,5989.0,6360.0,6006.571428571428,2944.2857142846005,6138.357142857143,21345.93956043096,138.0,197.0,220.0,167.71428571428572,457.57142857157305,181.71428571428572,1364.8351648351459,46.0,-36.0,-10.0,8.714285714285714,1188.5714285713655,-2.5,1496.5769230769429,1,10,0,0,6091.0,173.0,57.0
2024-10-02,107.0,215.0,230.0,6091,173.0,57.0,Wednesday,1,6040.0,6002.0,6326.0,6013.857142857143,3017.142857141811,6115.5,17748.57692306833,137.0,165.0,279.0,159.14285714285714,386.1428571430096,175.78571428571428,1368.0274725274548,80.0,8.0,-67.0,25.285714285714285,1381.9047619046917,3.9285714285714284,1971.3021978022198,2,10,0,0,6118.0,193.0,-15.0
2024-10-03,101.0,162.0,178.0,6118,193.0,-15.0,Thursday,1,6091.0,6023.0,6234.0,6026.571428571428,3796.9523809514535,6098.714285714285,14082.835164826574,173.0,143.0,210.0,160.28571428571428,410.9047619049132,168.21428571428572,487.4120879120714,57.0,29.0,-43.0,32.285714285714285,1442.5714285713555,12.785714285714286,1716.4890109890357,3,10,0,0,5968.0,153.0,23.0
2024-10-07,99.0,190.0,176.0,5968,153.0,23.0,Monday,4,6118.0,6050.0,6229.0,6040.142857142857,4973.142857142048,6090.428571428572,12629.648351639771,193.0,169.0,164.0,167.42857142857142,479.95238095252535,167.0,398.76923076921446,-15.0,51.0,-4.0,26.0,1767.3333333332628,14.785714285714286,1532.181318681344,0,10,0,0,6013.0,123.0,43.0
2024-10-08,167.0,239.0,166.0,6013,123.0,43.0,Tuesday,1,5968.0,6090.0,6227.0,6028.428571428572,5664.285714284804,6071.785714285715,11931.258241749714,153.0,185.0,160.0,165.14285714285714,508.1428571430037,166.21428571428572,412.4890109889948,23.0,-13.0,-21.0,22.0,1645.999999999931,16.714285714285715,1506.2197802198064,1,10,0,0,6047.0,137.0,32.0
2024-10-09,115.0,216.0,169.0,6047,137.0,32.0,Wednesday,1,6013.0,5925.0,6245.0,6017.428571428572,4930.9523809513785,6056.5,10092.269230760743,123.0,177.0,149.0,156.28571428571428,646.9047619049167,163.57142857142858,545.6483516483356,43.0,-24.0,68.0,30.0,1440.6666666665942,21.285714285714285,1427.450549450577,2,10,0,0,6075.0,159.0,34.0
2024-10-10,84.0,158.0,193.0,6075,159.0,34.0,Thursday,1,6047.0,5967.0,6270.0,6034.857142857143,3298.4761904753273,6042.357142857143,7150.554945046484,137.0,138.0,188.0,150.57142857142858,599.2857142858744,162.71428571428572,582.8351648351489,32.0,46.0,-19.0,38.0,880.6666666665907,18.714285714285715,1261.2967032967301,3,10,0,0,5889.0,210.0,-18.0
2024-10-13,130.0,227.0,192.0,5889,210.0,-18.0,Sunday,3,6075.0,6040.0,5989.0,6050.285714285715,2521.9047619040243,6028.428571428572,3037.340659332235,159.0,137.0,197.0,153.57142857142858,574.2857142858714,160.64285714285714,530.0934065933908,34.0,80.0,-36.0,36.285714285714285,869.23809523802,22.5,1154.4230769231049,6,10,1,0,5935.0,106.0,54.0
2024-10-14,88.0,214.0,160.0,5935,106.0,54.0,Monday,1,5889.0,6091.0,6002.0,6028.714285714285,6296.904761903868,6021.285714285715,4358.219780211377,210.0,173.0,165.0,164.0,932.3333333334803,161.57142857142858,614.8791208791051,-18.0,57.0,8.0,22.285714285714285,813.238095238026,23.785714285714285,1015.5659340659624,0,10,0,1,6013.0,107.0,52.0
2024-10-15,113.0,208.0,159.0,6013,107.0,52.0,Tuesday,1,5935.0,6118.0,6023.0,6006.428571428572,6534.61904761798,6016.5,4877.653846145461,106.0,193.0,143.0,154.42857142857142,1372.6190476192041,157.35714285714286,832.4010989010833,54.0,-15.0,29.0,21.857142857142858,779.8095238094547,27.071428571428573,1054.994505494535,1,10,0,0,6036.0,129.0,21.0
2024-10-16,174.0,285.0,150.0,6036,129.0,21.0,Wednesday,1,6013.0,5968.0,6050.0,5991.428571428572,4204.619047617859,6015.785714285715,4874.796703288321,107.0,153.0,169.0,142.14285714285714,1323.4761904763598,154.78571428571428,1004.4890109889952,52.0,23.0,51.0,31.428571428571427,597.9523809523079,28.714285714285715,1099.6043956044257,2,10,0,0,6076.0,160.0,46.0
2024-10-17,104.0,230.0,206.0,6076,160.0,46.0,Thursday,1,6036.0,6013.0,6090.0,6001.142857142857,4334.142857141743,6014.785714285715,4815.104395596016,129.0,123.0,185.0,138.71428571428572,1318.9047619049345,151.92857142857142,1031.302197802182,21.0,43.0,-13.0,31.142857142857142,604.1428571427841,26.571428571428573,1061.0329670329963,3,10,0,0,5918.0,195.0,19.0
2024-10-20,147.0,276.0,214.0,5918,195.0,19.0,Sunday,3,6076.0,6047.0,5925.0,6010.142857142857,5150.142857141805,6013.785714285715,4667.104395596019,160.0,137.0,177.0,144.0,1320.666666666834,150.14285714285714,948.7472527472366,46.0,32.0,-24.0,31.571428571428573,617.2857142856411,30.785714285714285,950.4890109890416,6,10,1,0,5966.0,154.0,59.0
2024-10-21,108.0,220.0,213.0,5966,154.0,59.0,Monday,1,5918.0,6075.0,5967.0,5991.714285714285,5942.5714285702425,6013.285714285715,4766.219780211404,195.0,159.0,138.0,152.28571428571428,1665.9047619049209,151.42857142857142,1046.2637362637204,19.0,34.0,46.0,29.714285714285715,639.5714285713563,33.857142857142854,720.1318681318998,0,10,0,0,6043.0,109.0,37.0
2024-10-22,180.0,280.0,146.0,6043,109.0,37.0,Tuesday,1,5966.0,5889.0,6040.0,5976.142857142857,4613.80952380822,6013.214285714285,4773.412087903713,154.0,210.0,137.0,151.57142857142858,1658.285714285874,152.57142857142858,1031.4945054944897,59.0,-18.0,80.0,33.285714285714285,764.5714285713547,34.785714285714285,756.4890109890429,1,10,0,0,6077.0,138.0,48.0
2024-10-23,134.0,294.0,186.0,6077,138.0,48.0,Wednesday,1,6043.0,5935.0,6091.0,5998.142857142857,3528.476190475036,6013.428571428572,4786.417582409207,109.0,106.0,173.0,137.14285714285714,1148.4761904763643,150.57142857142858,1154.5714285714128,37.0,54.0,57.0,41.142857142857146,256.4761904761131,31.714285714285715,589.4505494505803,2,10,0,0,5974.0,192.0,-34.0
2024-10-27,202.0,313.0,158.0,5974,192.0,-34.0,Sunday,4,6077.0,6013.0,6118.0,6018.428571428572,3420.2857142846938,6012.428571428572,4633.340659332286,138.0,107.0,193.0,141.71428571428572,962.5714285715981,148.07142857142858,1121.3021978021816,48.0,52.0,-15.0,40.285714285714285,235.90476190468488,31.071428571428573,560.2252747253053,6,10,1,0,6008.0,156.0,37.0
2024-10-28,110.0,272.0,193.0,6008,156.0,37.0,Monday,1,5974.0,6036.0,5968.0,6012.857142857143,3708.142857141804,6002.142857142857,3775.6703296619767,192.0,129.0,153.0,153.85714285714286,1011.1428571430142,148.0,1114.4615384615222,-34.0,21.0,23.0,28.0,956.6666666665951,29.714285714285715,720.6813186813488,0,10,0,0,6106.0,126.0,103.0
2024-10-29,166.0,277.0,229.0,6106,126.0,103.0,Tuesday,1,6008.0,6076.0,6013.0,6008.857142857143,3604.142857141782,6005.0,3679.846153837797,156.0,160.0,123.0,157.71428571428572,891.5714285715818,148.21428571428572,1117.4120879120717,37.0,46.0,43.0,30.285714285714285,955.9047619046893,30.714285714285715,720.2197802198108,1,10,0,0,6149.0,160.0,18.0
2024-10-30,136.0,276.0,178.0,6149,160.0,18.0,Wednesday,1,6106.0,5918.0,6047.0,6013.142857142857,4404.142857141797,6011.642857142857,4412.09340658504,126.0,195.0,137.0,152.85714285714286,1030.8095238096819,148.42857142857142,1106.4175824175663,103.0,19.0,32.0,38.42857142857143,1718.6190476189713,35.0,1090.7692307692628,2,10,0,0,6148.0,177.0,-4.0
2024-10-31,87.0,246.0,173.0,6148,177.0,-4.0,Thursday,1,6149.0,5966.0,6075.0,6046.142857142857,4701.142857141967,6018.928571428572,5710.071428563045,160.0,154.0,159.0,147.85714285714286,714.1428571430201,150.07142857142858,1103.7637362637201,18.0,59.0,34.0,38.285714285714285,1725.238095238019,34.0,1111.230769230801,3,10,0,0,5990.0,184.0,-27.0
2024-11-03,84.0,171.0,157.0,5990,184.0,-27.0,Sunday,3,6148.0,6043.0,5889.0,6072.142857142857,4571.142857142101,6024.142857142857,6720.43956043117,177.0,109.0,210.0,151.14285714285714,836.8095238096835,151.35714285714286,1151.6318681318523,-4.0,37.0,-18.0,29.285714285714285,1857.2380952380229,31.285714285714285,1214.373626373657,6,11,1,0,6007.0,132.0,25.0
2024-11-04,167.0,209.0,157.0,6007,132.0,25.0,Monday,1,5990.0,6077.0,5935.0,6064.571428571428,5487.285714284922,6031.357142857143,5349.17032966193,184.0,138.0,106.0,161.85714285714286,586.8095238096728,149.5,965.3461538461379,-27.0,48.0,54.0,20.142857142857142,2277.8095238094556,30.642857142857142,1288.4010989011294,0,11,0,0,6045.0,126.0,33.0
2024-11-05,109.0,245.0,159.0,6045,126.0,33.0,Tuesday,1,6007.0,5974.0,6013.0,6054.571428571428,5897.285714284881,6036.5,4652.115384606982,132.0,192.0,107.0,161.0,639.6666666668165,151.35714285714286,839.6318681318523,25.0,-34.0,52.0,16.857142857142858,2139.809523809457,28.571428571428573,1244.263736263766,1,11,0,0,6086.0,137.0,39.0
2024-11-06,156.0,256.0,176.0,6086,137.0,39.0,Wednesday,1,6045.0,6008.0,6036.0,6064.714285714285,4710.571428570639,6038.785714285715,4609.565934057527,126.0,156.0,129.0,151.57142857142858,579.95238095254,152.71428571428572,735.7582417582261,33.0,37.0,21.0,26.428571428571427,1645.285714285643,27.214285714285715,1201.5659340659636,2,11,0,0,6084.0,177.0,15.0
2024-11-07,125.0,232.0,192.0,6084,177.0,15.0,Thursday,1,6086.0,6106.0,6076.0,6075.857142857143,4105.142857142102,6042.357142857143,4766.708791200369,137.0,126.0,160.0,148.85714285714286,603.4761904763521,153.28571428571428,711.1428571428415,39.0,103.0,46.0,26.714285714285715,1652.9047619046908,28.5,1207.5000000000298,3,11,0,0,5963.0,145.0,23.0
2024-11-11,118.0,139.0,168.0,5963,145.0,23.0,Monday,4,6084.0,6149.0,5918.0,6072.714285714285,3953.238095237329,6042.928571428572,4812.6868131783895,177.0,160.0,195.0,156.14285714285714,586.4761904763449,154.5,749.3461538461383,15.0,18.0,19.0,14.142857142857142,521.4761904761251,26.285714285714285,1192.6813186813476,0,11,0,1,5975.0,138.0,1.0
2024-11-12,142.0,235.0,139.0,5975,138.0,1.0,Tuesday,1,5963.0,6148.0,5966.0,6046.142857142857,4165.809523808619,6046.142857142857,4092.4395604311203,145.0,177.0,154.0,154.0,599.3333333334898,150.92857142857142,616.3791208791049,23.0,-4.0,59.0,14.857142857142858,531.4761904761248,26.571428571428573,1189.3406593406885,1,11,0,0,5966.0,151.0,24.0
2024-11-13,148.0,245.0,175.0,5966,151.0,24.0,Wednesday,1,5975.0,5990.0,6043.0,6021.428571428572,2567.6190476180263,6046.785714285715,3987.258241749798,138.0,184.0,109.0,148.42857142857142,517.6190476192097,149.78571428571428,627.1043956043795,1.0,-27.0,37.0,15.571428571428571,503.6190476189816,22.428571428571427,1140.2637362637638,2,11,0,0,6025.0,172.0,38.0
2024-11-14,119.0,219.0,210.0,6025,172.0,38.0,Thursday,1,5966.0,6007.0,6077.0,6018.0,2901.3333333322958,6041.285714285715,4455.6043955959685,151.0,132.0,138.0,143.71428571428572,281.9047619049289,152.78571428571428,489.56593406591827,24.0,25.0,48.0,22.857142857142858,151.4761904761213,21.5,1123.192307692335,3,11,0,0,5816.0,195.0,-46.0
2024-11-17,105.0,210.0,149.0,5816,195.0,-46.0,Sunday,3,6025.0,6045.0,5974.0,6020.571428571428,2881.6190476180213,6037.571428571428,4363.032967024549,172.0,126.0,192.0,149.42857142857142,354.2857142858755,155.21428571428572,494.7967032966877,38.0,33.0,-34.0,24.714285714285715,184.90476190469192,20.785714285714285,1089.565934065961,6,11,1,0,5819.0,138.0,25.0
2024-11-18,143.0,203.0,163.0,5819,138.0,25.0,Monday,1,5816.0,6086.0,6008.0,5987.857142857143,8508.476190475043,6026.285714285715,7691.450549442141,195.0,137.0,156.0,159.28571428571428,495.5714285715795,155.42857142857142,512.4175824175668,-46.0,39.0,37.0,13.428571428571429,858.2857142856493,19.928571428571427,1200.9945054945322,0,11,0,0,5844.0,146.0,6.0
2024-11-19,119.0,209.0,152.0,5844,146.0,6.0,Tuesday,1,5819.0,6084.0,6106.0,5949.714285714285,9957.904761903483,6012.785714285715,10774.642857134466,138.0,177.0,126.0,159.42857142857142,488.285714285865,154.14285714285714,533.9780219780062,25.0,15.0,103.0,11.428571428571429,766.9523809523167,19.071428571428573,1179.7637362637627,1,11,0,0,5879.0,148.0,33.0
2024-11-20,155.0,212.0,181.0,5879,148.0,33.0,Wednesday,1,5844.0,5963.0,6149.0,5915.428571428572,7443.619047617683,5994.071428571428,11920.53296702458,146.0,145.0,160.0,155.0,444.0000000001553,155.57142857142858,475.95604395602834,6.0,23.0,18.0,10.142857142857142,767.8095238094602,12.142857142857142,599.3626373626614,2,11,0,0,5850.0,210.0,-37.0
2024-11-21,109.0,214.0,173.0,5850,210.0,-37.0,Thursday,1,5879.0,5975.0,6148.0,5903.428571428572,7119.619047617661,5974.785714285715,10692.181318672916,148.0,138.0,177.0,155.42857142857142,435.28571428586923,154.71428571428572,478.0659340659183,33.0,1.0,-4.0,11.571428571428571,824.9523809523167,13.214285714285714,628.9505494505739,3,11,0,0,5664.0,207.0,-15.0
2024-11-24,191.0,283.0,192.0,5664,207.0,-15.0,Sunday,3,5850.0,5966.0,5990.0,5885.571428571428,6369.619047617627,5953.5,9094.115384606966,210.0,151.0,184.0,165.71428571428572,757.5714285715729,157.07142857142858,668.9945054944902,-37.0,24.0,-27.0,6.142857142857143,1165.1428571427953,10.857142857142858,794.1318681318918,6,11,1,0,5715.0,129.0,67.0
2024-11-25,170.0,297.0,196.0,5715,129.0,67.0,Monday,1,5664.0,6025.0,6007.0,5842.428571428572,11302.285714284153,5930.214285714285,14854.64285713443,207.0,172.0,132.0,173.71428571428572,930.9047619048982,158.71428571428572,802.065934065919,-15.0,38.0,25.0,0.5714285714285714,1150.2857142856549,11.714285714285714,734.5274725274966,0,11,0,0,5826.0,112.0,102.0
2024-11-26,152.0,272.0,214.0,5826,112.0,102.0,Tuesday,1,5715.0,5816.0,6045.0,5798.142857142857,6165.142857141135,5909.357142857143,17495.478021969564,129.0,195.0,126.0,167.57142857142858,1219.6190476191903,158.5,815.0384615384464,67.0,-46.0,33.0,4.714285714285714,1632.2380952380342,14.714285714285714,946.3736263736514,1,11,0,0,5862.0,211.0,13.0
2024-11-27,239.0,367.0,224.0,5862,211.0,13.0,Wednesday,1,5826.0,5819.0,6086.0,5799.571428571428,6238.952380950664,5893.714285714285,16351.142857134379,112.0,138.0,137.0,155.71428571428572,1444.9047619049168,157.5,899.0384615384462,102.0,25.0,39.0,25.857142857142858,2259.4761904761203,19.642857142857142,1480.5549450549718,2,11,0,0,5963.0,143.0,94.0
2024-11-28,113.0,280.0,237.0,5963,143.0,94.0,Thursday,1,5862.0,5844.0,6084.0,5805.714285714285,6781.571428569729,5877.714285714285,13308.681318672821,211.0,146.0,177.0,166.14285714285714,1775.1428571430015,162.78571428571428,1056.796703296689,13.0,6.0,15.0,24.142857142857142,2283.4761904761212,17.785714285714285,1451.4120879121137,3,11,0,1,5986.0,149.0,38.0
2024-12-01,196.0,306.0,187.0,5986,149.0,38.0,Sunday,3,5963.0,5879.0,5963.0,5822.714285714285,10323.238095236442,5869.071428571428,10514.379120870613,143.0,148.0,145.0,165.71428571428572,1796.571428571573,160.35714285714286,1065.016483516469,94.0,33.0,23.0,36.714285714285715,2857.5714285713534,23.428571428571427,1863.3406593406871,6,12,1,0,6061.0,115.0,107.0
2024-12-02,236.0,330.0,222.0,6061,115.0,107.0,Monday,1,5986.0,5850.0,5975.0,5838.0,13966.333333331711,5870.714285714285,10884.527472518968,149.0,210.0,138.0,165.85714285714286,1790.8095238096682,160.64285714285714,1056.7087912087768,38.0,-37.0,1.0,37.42857142857143,2854.9523809523052,24.5,1878.4230769231049,0,12,0,0,6192.0,107.0,135.0
2024-12-03,81.0,230.0,242.0,6192,107.0,135.0,Tuesday,1,6061.0,5664.0,5966.0,5868.142857142857,21170.476190474637,5876.857142857143,12792.593406584896,115.0,207.0,151.0,152.28571428571428,1682.2380952382518,159.0,1174.6153846153697,107.0,-15.0,24.0,58.0,2244.666666666582,32.07142857142857,2297.7637362637665,1,12,0,0,6269.0,115.0,45.0
2024-12-04,118.0,245.0,160.0,6269,115.0,45.0,Wednesday,1,6192.0,5715.0,6025.0,5943.571428571428,25067.619047617703,5893.0,19540.307692299182,107.0,129.0,172.0,138.0,1287.0000000001692,155.85714285714286,1367.0549450549297,135.0,67.0,38.0,79.42857142857143,1808.9523809522868,40.0,3040.0000000000323,2,12,0,0,6310.0,150.0,58.0
2024-12-05,218.0,283.0,208.0,6310,150.0,58.0,Thursday,1,6269.0,5826.0,5816.0,6022.714285714285,26703.238095236982,5910.428571428572,28747.956043947524,115.0,112.0,195.0,136.0,1357.000000000171,151.78571428571428,1457.5659340659183,45.0,102.0,-46.0,76.28571428571429,1969.2380952380024,40.5,3041.346153846186,3,12,0,0,6286.0,172.0,11.0
2024-12-08,132.0,243.0,183.0,6286,172.0,11.0,Sunday,3,6310.0,5862.0,5819.0,6091.857142857143,28431.809523808653,5945.714285714285,39002.52747251897,150.0,211.0,138.0,141.42857142857142,1259.2857142858804,148.57142857142858,1303.0329670329509,58.0,13.0,25.0,70.0,1868.6666666665762,47.92857142857143,2429.9175824176173,6,12,1,0,6268.0,174.0,-22.0
2024-12-09,224.0,315.0,152.0,6268,174.0,-22.0,Monday,1,6286.0,5963.0,5844.0,6152.428571428572,21627.619047618384,5979.071428571428,45476.37912087064,172.0,143.0,146.0,135.85714285714286,572.142857143028,151.0,1330.3076923076767,11.0,94.0,6.0,69.71428571428571,1907.2380952380051,46.92857142857143,2493.302197802232,0,12,0,0,6310.0,149.0,64.0
2024-12-10,167.0,326.0,213.0,6310,149.0,64.0,Tuesday,1,6268.0,5986.0,5879.0,6196.0,15658.33333333284,6009.357142857143,49506.70879120033,174.0,149.0,148.0,140.28571428571428,783.2380952382624,153.0,1364.7692307692157,-22.0,38.0,33.0,53.142857142857146,2890.4761904761067,44.92857142857143,2725.609890109924,1,12,0,0,6402.0,152.0,80.0
2024-12-11,209.0,353.0,232.0,6402,152.0,80.0,Wednesday,1,6310.0,6061.0,5850.0,6242.285714285715,7974.904761904444,6040.142857142857,54131.67032966194,149.0,115.0,210.0,140.28571428571428,783.2380952382624,153.07142857142858,1364.0714285714134,64.0,107.0,-37.0,56.857142857142854,2855.809523809438,47.142857142857146,2737.3626373626716,2,12,0,0,6481.0,194.0,92.0
2024-12-12,153.0,253.0,286.0,6481,194.0,92.0,Thursday,1,6402.0,6192.0,5664.0,6291.0,3980.333333333194,6079.571428571428,59748.72527471698,152.0,107.0,207.0,145.57142857142858,666.9523809525436,148.92857142857142,1096.3791208791054,80.0,135.0,-15.0,53.0,2508.6666666665824,55.5,2200.57692307696,3,12,0,0,6408.0,224.0,-5.0
2024-12-15,180.0,337.0,219.0,6408,224.0,-5.0,Sunday,3,6481.0,6269.0,5715.0,6332.285714285715,6374.904761904773,6137.928571428572,55192.379120870995,194.0,115.0,129.0,158.0,629.6666666668194,148.0,992.3076923076765,92.0,45.0,67.0,46.857142857142854,1597.4761904761087,63.142857142857146,1857.8241758242157,6,12,1,0,6454.0,149.0,40.0
2024-12-16,133.0,287.0,189.0,6454,149.0,40.0,Monday,1,6408.0,6310.0,5826.0,6352.142857142857,6202.809523809589,6187.428571428572,44405.18681317889,224.0,150.0,112.0,173.57142857142858,764.6190476191882,154.78571428571428,1359.2582417582269,-5.0,58.0,102.0,39.714285714285715,1985.5714285713495,58.0,2185.384615384654,0,12,0,0,6506.0,151.0,96.0
2024-12-17,187.0,310.0,247.0,6506,151.0,96.0,Tuesday,1,6454.0,6286.0,5862.0,6372.714285714285,7142.238095238223,6232.285714285715,37655.912087904304,149.0,172.0,211.0,173.42857142857142,772.6190476191883,157.42857142857142,1213.4945054944908,40.0,11.0,13.0,37.142857142857146,1922.1428571427793,53.57142857142857,2040.2637362637734,1,12,0,0,6598.0,134.0,76.0
2024-12-18,168.0,285.0,210.0,6598,134.0,76.0,Wednesday,1,6506.0,6268.0,5963.0,6404.142857142857,7697.47619047641,6278.285714285715,30593.142857135197,151.0,174.0,143.0,170.42857142857142,845.6190476191908,153.14285714285714,976.1318681318529,96.0,-22.0,94.0,49.285714285714285,2213.5714285713457,59.5,2014.2692307692696,2,12,0,0,6600.0,238.0,-34.0
2024-12-19,269.0,412.0,204.0,6600,238.0,-34.0,Thursday,1,6598.0,6310.0,5986.0,6451.285714285715,8278.90476190511,6323.642857142857,28593.93956043203,134.0,149.0,149.0,164.71428571428572,1026.571428571576,152.5,995.9615384615231,76.0,64.0,38.0,63.285714285714285,1256.9047619046737,58.214285714285715,1941.8736263736648,3,12,0,0,6595.0,268.0,-32.0
2024-12-22,100.0,255.0,236.0,6595,268.0,-32.0,Sunday,3,6600.0,6402.0,6061.0,6492.714285714285,6635.571428571893,6367.5,23627.96153845415,238.0,152.0,115.0,177.42857142857142,1691.9523809525188,158.85714285714286,1513.824175824161,-34.0,80.0,107.0,49.285714285714285,2605.5714285713457,53.07142857142857,2536.0714285714657,6,12,1,0,6548.0,231.0,-54.0
2024-12-23,205.0,294.0,177.0,6548,231.0,-54.0,Monday,1,6595.0,6481.0,6192.0,6520.285714285715,6120.904761905304,6405.642857142857,18816.093406586173,268.0,194.0,107.0,194.0,2631.000000000125,169.78571428571428,2153.565934065921,-32.0,92.0,135.0,33.285714285714285,3250.904761904685,43.142857142857146,2762.9010989011326,0,12,0,0,6622.0,155.0,56.0
2024-12-24,161.0,304.0,211.0,6622,155.0,56.0,Tuesday,1,6548.0,6408.0,6269.0,6529.857142857143,5884.8095238100905,6431.071428571428,16167.609890102765,231.0,224.0,115.0,199.28571428571428,2826.5714285715494,178.64285714285714,2054.0934065933943,-54.0,-5.0,45.0,12.428571428571429,3438.619047618979,29.642857142857142,2643.4780219780514,1,12,0,0,6689.0,107.0,86.0
2024-12-25,57.0,162.0,193.0,6689,107.0,86.0,Wednesday,1,6622.0,6454.0,6310.0,6560.428571428572,3734.6190476196575,6456.285714285715,16266.527472520467,155.0,149.0,150.0,189.42857142857142,2938.285714285843,181.5,1776.7307692307575,56.0,40.0,58.0,21.142857142857142,3615.809523809452,30.428571428571427,2678.1098901099194,2,12,0,1,6707.0,135.0,17.0
2024-12-26,80.0,122.0,152.0,6707,135.0,17.0,Thursday,1,6689.0,6506.0,6286.0,6594.0,3287.0000000006635,6483.357142857143,17997.016483509615,107.0,151.0,172.0,183.42857142857142,3756.285714285848,178.42857142857142,2117.186813186801,86.0,96.0,11.0,27.714285714285715,4207.238095238021,32.42857142857143,2852.8791208791513,3,12,0,0,6465.0,216.0,-83.0
2024-12-29,107.0,170.0,133.0,6465,216.0,-83.0,Sunday,3,6707.0,6598.0,6268.0,6622.714285714285,3162.571428572131,6513.428571428572,17874.417582410868,135.0,134.0,174.0,181.14285714285714,3965.8095238096594,175.78571428571428,2251.5659340659213,17.0,76.0,-22.0,16.428571428571427,3300.619047618977,32.857142857142854,2835.6703296703604,6,12,1,0,6454.0,177.0,-38.0
2024-12-30,99.0,156.0,139.0,6454,177.0,-38.0,Monday,1,6465.0,6600.0,6310.0,6603.714285714285,6785.238095238783,6527.5,13208.115384608747,216.0,238.0,149.0,192.85714285714286,3637.80952380965,178.78571428571428,2366.0274725274603,-83.0,-34.0,64.0,-6.285714285714286,3754.904761904701,28.5,3616.26923076926,0,12,0,0,6405.0,144.0,-50.0
2025-01-01,25.0,66.0,94.0,6405,144.0,-50.0,Wednesday,2,6454.0,6595.0,6402.0,6582.857142857143,10011.142857143523,6537.785714285715,9870.796703290125,177.0,268.0,152.0,184.14285714285714,3251.4761904763236,180.78571428571428,2293.719780219768,-38.0,-32.0,80.0,-6.857142857142857,3794.142857142797,21.214285714285715,3802.335164835192,2,1,0,1,6292.0,170.0,-117.0
2025-01-02,35.0,70.0,53.0,6292,170.0,-117.0,Thursday,1,6405.0,6548.0,6481.0,6555.714285714285,14399.238095238688,6538.0,9808.76923076266,144.0,231.0,194.0,166.42857142857142,1981.952380952528,180.21428571428572,2333.719780219768,-50.0,-54.0,92.0,-9.428571428571429,3991.285714285655,11.928571428571429,3833.7637362637606,3,1,0,0,5882.0,185.0,-121.0
2025-01-05,43.0,73.0,64.0,5882,185.0,-121.0,Sunday,3,6292.0,6622.0,6408.0,6519.142857142857,24419.809523810003,6524.5,14017.653846147197,170.0,155.0,224.0,157.71428571428572,1200.5714285715824,178.5,2323.9615384615263,-117.0,56.0,-5.0,-18.428571428571427,5494.285714285658,-3.0,4379.230769230789,6,1,1,0,5769.0,190.0,-119.0
2025-01-06,41.0,60.0,71.0,5769,190.0,-119.0,Monday,1,5882.0,6689.0,6454.0,6413.428571428572,77276.95238095247,6486.928571428572,43207.763736256864,185.0,107.0,149.0,162.0,1302.0000000001507,175.71428571428572,2159.6043956043827,-121.0,86.0,40.0,-43.714285714285715,5578.571428571383,-11.285714285714286,5376.065934065951,0,1,0,0,5703.0,133.0,-68.0
2025-01-07,65.0,83.0,65.0,5703,133.0,-68.0,Tuesday,1,5769.0,6707.0,6506.0,6282.0,113682.66666666623,6438.0,80193.99999999284,190.0,135.0,151.0,173.85714285714286,764.4761904763326,178.64285714285714,2111.170329670317,-119.0,17.0,96.0,-73.0,2718.3333333332985,-22.642857142857142,5927.324175824188,1,1,0,0,5605.0,184.0,-102.0
2025-01-08,38.0,80.0,82.0,5605,184.0,-102.0,Wednesday,1,5703.0,6465.0,6598.0,6138.571428571428,115451.61904761796,6380.642857142857,117851.17032966281,133.0,216.0,134.0,173.57142857142858,790.9523809525234,177.35714285714286,2210.862637362625,-68.0,-83.0,76.0,-85.14285714285714,1200.4761904761601,-34.357142857142854,4855.016483516492,2,1,0,0,5507.0,164.0,-96.0
2025-01-09,56.0,82.0,68.0,5507,164.0,-96.0,Thursday,1,5605.0,6454.0,6600.0,6015.714285714285,127532.57142856975,6309.714285714285,155077.75824175024,184.0,177.0,238.0,169.0,484.66666666681255,180.92857142857142,2055.9175824175704,-102.0,-38.0,-34.0,-87.85714285714286,1238.476190476161,-47.07142857142857,4096.071428571433,3,1,0,0,5092.0,235.0,-155.0
2025-01-12,74.0,103.0,80.0,5092,235.0,-155.0,Sunday,3,5507.0,6405.0,6595.0,5880.428571428572,117295.95238095008,6231.642857142857,191597.17032966172,164.0,144.0,268.0,167.14285714285714,474.1428571430044,175.64285714285714,1797.324175824163,-96.0,-50.0,-32.0,-96.14285714285714,755.1428571428305,-51.5,4245.961538461541,6,1,1,0,5019.0,181.0,-79.0
2025-01-13,68.0,107.0,102.0,5019,181.0,-79.0,Monday,1,5092.0,6292.0,6548.0,5692.857142857143,133989.80952380653,6124.285714285715,268935.6043955948,235.0,170.0,231.0,180.14285714285714,955.1428571429948,173.28571428571428,1406.219780219767,-155.0,-117.0,-54.0,-111.14285714285714,715.1428571428361,-60.285714285714285,4957.604395604396,0,1,0,0,4957.0,139.0,-46.0
2025-01-14,92.0,124.0,93.0,4957,139.0,-46.0,Tuesday,1,5019.0,5882.0,6622.0,5511.0,111257.66666666298,6015.071428571428,336253.60989009927,181.0,185.0,155.0,181.71428571428572,935.2380952382318,169.71428571428572,1140.835164835151,-79.0,-121.0,56.0,-105.71428571428571,847.2380952380722,-62.07142857142857,4978.071428571428,1,1,0,0,4903.0,164.0,-57.0
2025-01-15,113.0,162.0,107.0,4903,164.0,-57.0,Wednesday,1,4957.0,5769.0,6689.0,5378.857142857143,119098.14285713852,5896.142857142857,378802.59340658167,139.0,190.0,107.0,175.14285714285714,1187.142857142998,168.57142857142858,1195.3406593406455,-46.0,-119.0,86.0,-95.0,1268.66666666664,-69.35714285714286,3868.401098901096,2,1,0,0,4881.0,159.0,-28.0
2025-01-16,106.0,196.0,131.0,4881,159.0,-28.0,Thursday,1,4903.0,5703.0,6707.0,5255.142857142857,113613.47619047109,5768.571428571428,388792.41758240486,164.0,133.0,135.0,171.42857142857142,1154.9523809525242,172.64285714285714,887.4780219780088,-57.0,-68.0,17.0,-86.14285714285714,1321.8095238094936,-79.57142857142857,1911.186813186807,3,1,0,0,4628.0,176.0,-8.0
2025-01-19,86.0,152.0,168.0,4628,176.0,-8.0,Sunday,3,4881.0,5605.0,6465.0,5137.714285714285,87426.90476189881,5638.142857142857,363328.7472527335,159.0,184.0,216.0,175.14285714285714,918.4761904763315,174.35714285714286,789.6318681318551,-28.0,-102.0,-83.0,-80.42857142857143,1792.2857142856822,-82.78571428571429,1387.2582417582346,6,1,1,0,4638.0,127.0,9.0
2025-01-20,84.0,118.0,136.0,4638,127.0,9.0,Monday,1,4628.0,5507.0,6454.0,4998.142857142857,71608.80952380253,5506.928571428572,370686.8406593259,176.0,164.0,177.0,174.0,904.0000000001418,171.5,647.6538461538325,-8.0,-96.0,-38.0,-67.0,2378.66666666663,-77.42857142857143,1786.571428571423,0,1,0,1,4728.0,54.0,63.0
2025-01-21,59.0,64.0,117.0,4728,54.0,63.0,Tuesday,1,4638.0,5092.0,6405.0,4874.0,32089.999999992215,5377.214285714285,341650.79670328094,127.0,235.0,144.0,168.71428571428572,1222.9047619049072,167.92857142857142,783.9175824175683,9.0,-155.0,-50.0,-52.0,2938.666666666624,-74.07142857142857,2229.4560439560396,1,1,0,0,4717.0,83.0,-31.0
2025-01-22,62.0,97.0,52.0,4717,83.0,-31.0,Wednesday,1,4728.0,5019.0,6292.0,4822.0,24567.33333332521,5257.428571428572,277362.72527470876,54.0,181.0,170.0,142.85714285714286,1903.8095238096867,161.5,1693.8076923076767,63.0,-79.0,-117.0,-20.857142857142858,2243.142857142803,-66.0,3559.999999999998,2,1,0,0,4621.0,174.0,-77.0
2025-01-23,91.0,75.0,97.0,4621,174.0,-77.0,Thursday,1,4717.0,4957.0,5882.0,4778.857142857143,17765.142857134455,5144.928571428572,203865.6098900927,83.0,139.0,185.0,128.85714285714286,2029.809523809696,155.28571428571428,2120.6813186813015,-31.0,-46.0,-121.0,-14.0,1641.9999999999438,-59.857142857142854,3413.5164835164837,3,1,0,0,4241.0,182.0,-171.0
2025-01-26,29.0,51.0,11.0,4241,182.0,-171.0,Sunday,3,4621.0,4903.0,5769.0,4730.857142857143,13941.142857134202,5054.857142857143,174453.8241758065,174.0,164.0,190.0,133.85714285714286,2323.142857143026,154.5,2079.038461538444,-77.0,-57.0,-119.0,-18.428571428571427,2109.9523809523266,-56.714285714285715,3137.912087912089,6,1,1,0,4161.0,127.0,-93.0
2025-01-27,33.0,53.0,34.0,4161,127.0,-93.0,Monday,1,4241.0,4881.0,5703.0,4636.285714285715,38561.238095228946,4945.714285714285,173345.60439558618,182.0,159.0,133.0,136.42857142857142,2550.2857142858816,153.92857142857142,2039.917582417565,-171.0,-28.0,-68.0,-34.714285714285715,5432.238095238046,-60.42857142857143,3829.3406593406594,0,1,0,0,4096.0,101.0,-62.0
2025-01-28,32.0,49.0,39.0,4096,101.0,-62.0,Tuesday,1,4161.0,4628.0,5605.0,4533.428571428572,53886.95238094265,4835.571428571428,163534.4175823989,127.0,176.0,184.0,131.85714285714286,2455.8095238096944,153.5,2061.8076923076746,-93.0,-8.0,-102.0,-44.0,5890.333333333288,-62.214285714285715,3903.104395604395,1,1,0,0,4036.0,99.0,-60.0
2025-01-29,32.0,50.0,39.0,4036,99.0,-60.0,Wednesday,1,4096.0,4638.0,5507.0,4457.428571428572,77548.2857142755,4727.785714285715,147557.25824173912,101.0,127.0,164.0,121.14285714285714,2155.8095238097007,147.57142857142858,2164.4175824175627,-62.0,9.0,-96.0,-51.714285714285715,5658.904761904719,-59.357142857142854,3772.554945054945,2,1,0,0,3923.0,159.0,-112.0
2025-01-30,47.0,42.0,47.0,3923,159.0,-112.0,Thursday,1,4036.0,4728.0,5092.0,4371.428571428572,93085.6190476083,4622.714285714285,125775.14285712343,99.0,54.0,235.0,117.14285714285714,2213.1428571430365,142.92857142857142,2301.9175824175613,-60.0,63.0,-155.0,-61.57142857142857,4942.619047619008,-56.785714285714285,3662.18131868132,3,1,0,0,3483.0,168.0,-127.0
2025-02-02,20.0,22.0,41.0,3483,168.0,-127.0,Sunday,3,3923.0,4717.0,5019.0,4256.428571428572,89980.61904760764,4539.214285714285,138987.4120878924,159.0,83.0,181.0,132.14285714285714,1578.1428571430279,137.5,1637.9615384615158,-112.0,-31.0,-79.0,-86.57142857142857,2050.9523809523503,-53.714285714285715,3144.527472527475,6,2,1,0,3403.0,102.0,-91.0
2025-02-03,23.0,45.0,11.0,3403,102.0,-91.0,Monday,1,3483.0,4621.0,4957.0,4080.1428571428573,118068.80952379695,4429.5,194131.49999997995,168.0,174.0,139.0,144.28571428571428,1217.9047619049254,136.57142857142858,1563.0329670329438,-127.0,-77.0,-46.0,-100.28571428571429,1589.2380952380693,-57.142857142857146,3495.8241758241775,0,2,0,0,3359.0,74.0,-45.0
2025-02-04,34.0,54.0,29.0,3359,74.0,-45.0,Tuesday,1,3403.0,4241.0,4903.0,3906.1428571428573,110412.80952379572,4318.5,240512.42307690263,102.0,182.0,164.0,134.0,1245.333333333503,133.92857142857142,1646.9945054944812,-91.0,-171.0,-57.0,-102.28571428571429,1508.5714285714032,-60.357142857142854,3563.324175824176,1,2,0,0,3290.0,104.0,-68.0
2025-02-05,26.0,36.0,36.0,3290,104.0,-68.0,Wednesday,1,3359.0,4161.0,4881.0,3780.1428571428573,123096.80952379484,4208.214285714285,271952.3351648142,74.0,127.0,159.0,118.57142857142857,1183.6190476192266,127.5,1809.1923076922808,-45.0,-93.0,-28.0,-84.28571428571429,890.5714285713965,-59.5,3579.8076923076933,2,2,0,0,3181.0,145.0,-118.0
2025-02-06,25.0,32.0,27.0,3181,145.0,-118.0,Thursday,1,3290.0,4096.0,4628.0,3655.714285714286,120898.57142855592,4094.5714285714284,288080.87912085763,104.0,101.0,176.0,115.28571428571429,1194.5714285716094,123.57142857142857,1758.7252747252462,-68.0,-62.0,-8.0,-80.71428571428571,907.2380952380618,-62.357142857142854,3500.2472527472523,3,2,0,0,2878.0,99.0,-76.0
2025-02-09,15.0,13.0,23.0,2878,99.0,-76.0,Sunday,3,3181.0,4036.0,4638.0,3525.0,106214.99999998369,3991.214285714286,318889.25824173633,145.0,99.0,127.0,121.57142857142857,1261.6190476192248,121.35714285714286,1577.3241758241466,-118.0,-60.0,9.0,-88.71428571428571,1005.9047619047315,-70.21428571428571,3444.6428571428546,6,2,1,0,2834.0,63.0,-48.0
2025-02-10,16.0,18.0,15.0,2834,63.0,-48.0,Monday,1,2878.0,3923.0,4728.0,3359.5714285714284,100535.28571426841,3865.5,365016.7307692084,99.0,159.0,54.0,121.57142857142857,1261.6190476192248,119.35714285714286,1609.0164835164533,-76.0,-112.0,63.0,-91.0,889.3333333333038,-76.28571428571429,2924.83516483516,0,2,0,0,2799.0,50.0,-38.0
2025-02-11,11.0,22.0,12.0,2799,50.0,-38.0,Tuesday,1,2834.0,3483.0,4717.0,3204.0,65427.99999998182,3730.214285714286,369928.64285712,63.0,168.0,83.0,107.85714285714286,1380.4761904763757,120.0,1524.3076923076624,-48.0,-127.0,-31.0,-81.85714285714286,1026.4761904761574,-84.21428571428571,1426.3351648351572,1,2,0,0,2752.0,66.0,-46.0
2025-02-12,16.0,20.0,20.0,2752,66.0,-46.0,Wednesday,1,2799.0,3403.0,4621.0,3106.285714285714,68652.57142855272,3593.214285714286,341516.9505494272,50.0,102.0,174.0,91.0,1004.0000000001951,117.64285714285714,1789.9395604395295,-38.0,-91.0,-77.0,-69.14285714285714,818.8095238094862,-84.71428571428571,1372.5274725274646,2,2,0,0,2703.0,72.0,-49.0
2025-02-13,15.0,10.0,23.0,2703,72.0,-49.0,Thursday,1,2752.0,3359.0,4241.0,3013.285714285714,64808.57142855223,3459.714285714286,295500.5274725036,66.0,74.0,182.0,85.85714285714286,1057.1428571430554,109.92857142857143,1686.686813186779,-46.0,-45.0,-171.0,-62.714285714285715,780.2380952380555,-82.5,1477.9615384615313,3,2,0,0,2532.0,15.0,-1.0
2025-02-17,8.0,17.0,14.0,2532,15.0,-1.0,Monday,4,2703.0,3290.0,4161.0,2919.5714285714284,50688.95238093266,3349.8571428571427,279596.59340656915,72.0,104.0,127.0,85.57142857142857,1065.6190476192462,102.07142857142857,1331.3021978021604,-49.0,-68.0,-93.0,-63.285714285714285,758.9047619047224,-73.78571428571429,880.0274725274679,0,2,0,1,2536.0,9.0,2.0
2025-02-18,18.0,19.0,11.0,2536,9.0,2.0,Tuesday,1,2532.0,3181.0,4096.0,2811.285714285714,39174.57142855105,3233.5,265857.4999999754,15.0,145.0,101.0,72.85714285714286,1650.476190476397,94.07142857142857,1797.7637362636956,-1.0,-118.0,-62.0,-53.714285714285715,1294.9047619047187,-67.21428571428571,1212.6428571428546,1,2,0,0,2528.0,19.0,-2.0
2025-02-19,12.0,17.0,17.0,2528,19.0,-2.0,Wednesday,1,2536.0,2878.0,4036.0,2719.1428571428573,19118.14285712186,3122.0714285714284,232686.0714285464,9.0,99.0,99.0,53.42857142857143,1022.2857142859333,87.5,2304.2692307691873,2.0,-76.0,-60.0,-36.57142857142857,780.6190476189978,-62.642857142857146,1556.5549450549443,2,2,0,0,2520.0,32.0,-17.0
2025-02-20,13.0,25.0,15.0,2520,32.0,-17.0,Thursday,1,2528.0,2834.0,3923.0,2669.1428571428573,18084.809523788186,3014.3571428571427,183087.78571426033,19.0,63.0,159.0,42.0,721.3333333335598,81.78571428571429,2619.87362637358,-2.0,-48.0,-112.0,-26.0,590.3333333332795,-58.5,1820.4230769230776,3,2,0,0,2423.0,35.0,-27.0
2025-02-23,7.0,16.0,8.0,2423,35.0,-27.0,Sunday,3,2520.0,2799.0,3483.0,2624.285714285714,14914.904761883123,2914.1428571428573,127561.36263733692,32.0,50.0,168.0,37.57142857142857,641.619047619277,72.71428571428571,2263.296703296653,-17.0,-38.0,-127.0,-21.571428571428573,500.28571428565874,-51.714285714285715,1683.1428571428598,6,2,1,0,2413.0,24.0,-10.0
2025-02-24,20.0,22.0,14.0,2413,24.0,-10.0,Monday,1,2423.0,2752.0,3403.0,2570.5714285714284,13213.952380930385,2838.4285714285716,115051.03296700696,35.0,66.0,102.0,35.42857142857143,611.6190476192784,63.214285714285715,1577.104395604341,-27.0,-46.0,-91.0,-20.0,457.33333333327715,-44.57142857142857,1239.1868131868182,0,2,0,0,2413.0,23.0,-16.0
2025-02-25,11.0,7.0,7.0,2413,23.0,-16.0,Tuesday,1,2413.0,2703.0,3359.0,2522.1428571428573,9129.809523787195,2767.714285714286,99069.60439557815,24.0,72.0,74.0,29.428571428571427,435.6190476192822,57.642857142857146,1546.2472527471957,-10.0,-49.0,-45.0,-14.857142857142858,330.47619047613233,-38.785714285714285,1129.2582417582487,1,2,0,0,2411.0,23.0,-22.0
2025-02-26,12.0,21.0,1.0,2411,23.0,-22.0,Wednesday,1,2413.0,2532.0,3290.0,2480.714285714286,3661.2380952154685,2700.1428571428573,76937.36263733612,23.0,15.0,104.0,22.428571428571427,83.28571428595338,54.0,1603.692307692249,-16.0,-1.0,-68.0,-10.142857142857142,110.47619047613051,-36.714285714285715,1161.604395604403,2,2,0,0,2391.0,37.0,-20.0
2025-02-27,10.0,15.0,17.0,2391,37.0,-20.0,Thursday,1,2411.0,2536.0,3181.0,2463.4285714285716,3684.28571426296,2637.3571428571427,52359.170329643544,23.0,9.0,145.0,23.571428571428573,72.61904761928595,48.214285714285715,1449.2582417581802,-22.0,2.0,-118.0,-13.142857142857142,109.47619047613166,-33.42857142857143,1091.3406593406678,3,2,0,0,2297.0,31.0,-27.0
2025-03-02,12.0,24.0,4.0,2297,31.0,-27.0,Sunday,3,2391.0,2528.0,2878.0,2442.714285714286,3180.2380952151943,2580.9285714285716,30864.22527469823,37.0,19.0,99.0,27.571428571428573,48.61904761928335,40.5,674.2692307691658,-20.0,-2.0,-76.0,-16.285714285714285,67.57142857137096,-26.428571428571427,502.26373626374703,6,3,1,0,2287.0,25.0,-7.0
2025-03-03,8.0,29.0,18.0,2287,25.0,-7.0,Monday,1,2297.0,2520.0,2834.0,2409.714285714286,4236.238095214954,2539.4285714285716,28422.10989008265,31.0,32.0,63.0,29.285714285714285,34.90476190499652,35.642857142857146,392.55494505487786,-27.0,-17.0,-48.0,-19.857142857142858,37.809523809467564,-22.928571428571427,300.0714285714405,0,3,0,0,2272.0,30.0,-20.0
2025-03-04,4.0,25.0,10.0,2272,30.0,-20.0,Tuesday,1,2287.0,2423.0,2799.0,2376.4285714285716,3426.2857142623375,2500.3571428571427,25004.862637335227,25.0,35.0,50.0,28.285714285714285,35.57142857166384,32.92857142857143,335.76373626366785,-7.0,-27.0,-38.0,-18.428571428571427,61.619047618990834,-20.0,262.00000000001285,1,3,0,0,2238.0,40.0,-36.0
2025-03-05,5.0,20.0,4.0,2238,40.0,-36.0,Wednesday,1,2272.0,2413.0,2752.0,2354.8571428571427,4339.476190452667,2462.714285714286,20629.604395576833,30.0,24.0,66.0,27.571428571428573,27.95238095261669,31.5,311.80769230762326,-20.0,-10.0,-46.0,-17.428571428571427,48.61904761899046,-18.714285714285715,235.29670329671654,2,3,0,0,2218.0,33.0,-27.0
2025-03-06,7.0,27.0,6.0,2218,33.0,-27.0,Thursday,1,2238.0,2413.0,2703.0,2329.8571428571427,5322.8095237858315,2426.0,16624.923076895382,40.0,23.0,72.0,29.857142857142858,45.47619047642473,29.642857142857142,222.0934065933367,-36.0,-16.0,-49.0,-21.142857142857142,80.80952380946803,-18.0,200.46153846155195,3,3,0,0,2137.0,30.0,-15.0
2025-03-09,12.0,25.0,15.0,2137,30.0,-15.0,Sunday,3,2218.0,2411.0,2532.0,2302.0,5350.666666642774,2391.3571428571427,12758.24725271943,33.0,23.0,15.0,31.285714285714285,36.90476190499524,26.857142857142858,76.59340659333544,-27.0,-22.0,-1.0,-22.714285714285715,79.23809523804006,-16.428571428571427,130.10989010990414,6,3,1,0,2125.0,23.0,-15.0
2025-03-10,6.0,28.0,8.0,2125,23.0,-15.0,Monday,1,2137.0,2391.0,2536.0,2262.8571428571427,6120.476190451994,2363.1428571428573,15356.131868103965,30.0,37.0,9.0,32.285714285714285,24.571428571661258,27.928571428571427,65.30219780212714,-15.0,-20.0,2.0,-21.714285714285715,87.90476190470633,-17.428571428571427,110.87912087913456,0,3,0,0,2116.0,20.0,-13.0
2025-03-11,3.0,11.0,7.0,2116,20.0,-13.0,Tuesday,1,2125.0,2297.0,2528.0,2224.8571428571427,4866.476190451688,2333.785714285714,16492.027472499485,23.0,31.0,19.0,30.285714285714285,30.57142857166255,28.928571428571427,38.53296703289683,-15.0,-27.0,-2.0,-21.0,94.3333333332775,-18.642857142857142,80.70879120880451,1,3,0,0,2113.0,8.0,-6.0
2025-03-12,6.0,18.0,2.0,2113,8.0,-6.0,Wednesday,1,2116.0,2287.0,2520.0,2199.0,5193.999999975297,2304.3571428571427,16306.40109887303,20.0,25.0,32.0,28.714285714285715,45.238095238330224,29.0,37.07692307685291,-13.0,-7.0,-17.0,-19.0,94.33333333327674,-19.428571428571427,61.18681318682623,2,3,0,0,2116.0,6.0,3.0
2025-03-13,4.0,20.0,9.0,2116,6.0,3.0,Thursday,1,2113.0,2272.0,2423.0,2174.1428571428573,4415.14285711796,2275.285714285714,14635.912087883953,8.0,30.0,35.0,26.285714285714285,107.57142857166512,27.285714285714285,67.1428571427862,-6.0,-20.0,-27.0,-18.857142857142858,98.47619047613382,-18.642857142857142,73.93956043957373,3,3,0,0,2117.0,5.0,3.0
2025-03-16,1.0,9.0,8.0,2117,5.0,3.0,Sunday,3,2116.0,2238.0,2413.0,2151.8571428571427,2803.1428571177835,2253.3571428571427,14391.32417579599,6.0,40.0,24.0,22.857142857142858,160.14285714309588,25.214285714285715,92.79670329663142,3.0,-36.0,-10.0,-15.571428571428571,165.2857142856564,-16.5,99.65384615386013,6,3,1,0,2111.0,8.0,-8.0
2025-03-17,5.0,14.0,0.0,2111,8.0,-8.0,Monday,1,2117.0,2218.0,2413.0,2134.5714285714284,1420.285714260502,2232.214285714286,13379.719780191548,5.0,33.0,23.0,17.857142857142858,135.14285714309906,23.857142857142858,122.13186813179564,3.0,-27.0,-16.0,-10.0,116.99999999994004,-15.571428571428571,124.72527472528901,0,3,0,0,2109.0,8.0,-2.0
2025-03-18,19.0,34.0,6.0,2109,8.0,-2.0,Tuesday,1,2111.0,2137.0,2411.0,2119.285714285714,80.23809521276605,2210.6428571428573,11494.708791180523,8.0,30.0,23.0,14.285714285714286,98.23809523833945,22.785714285714285,140.18131868124573,-8.0,-15.0,-22.0,-7.285714285714286,60.90476190470094,-15.0,128.76923076924524,1,3,0,0,2119.0,9.0,5.0
2025-03-19,6.0,22.0,14.0,2119,9.0,5.0,Wednesday,1,2109.0,2125.0,2391.0,2115.285714285714,26.9047618794018,2189.0714285714284,8700.379120850823,8.0,23.0,37.0,11.142857142857142,52.142857143103384,21.714285714285715,155.7582417581683,-2.0,-15.0,-20.0,-5.428571428571429,51.61904761898597,-13.571428571428571,135.80219780221273,2,3,0,0,2124.0,7.0,4.0
2025-03-20,9.0,20.0,11.0,2124,7.0,4.0,Thursday,1,2119.0,2116.0,2297.0,2114.4285714285716,12.619047593680845,2169.6428571428573,5535.016483488163,9.0,20.0,31.0,9.142857142857142,24.80952380977133,19.714285714285715,145.91208791201356,5.0,-13.0,-27.0,-2.5714285714285716,44.95238095231824,-11.785714285714286,155.71978021979572,3,3,0,0,2136.0,2.0,7.0
2025-03-23,15.0,29.0,9.0,2136,2.0,7.0,Sunday,3,2124.0,2113.0,2287.0,2115.5714285714284,25.95238092702174,2157.285714285714,4283.142857114515,7.0,8.0,25.0,7.285714285714286,1.9047619050106173,18.0,145.38461538454027,4.0,-6.0,-7.0,-0.14285714285714285,27.142857142793527,-9.571428571428571,151.802197802214,6,3,1,0,2139.0,7.0,4.0
2025-03-24,7.0,13.0,11.0,2139,7.0,4.0,Monday,1,2136.0,2116.0,2272.0,2118.8571428571427,81.80952378418623,2146.5,2898.4230768947145,2.0,6.0,30.0,6.428571428571429,5.6190476192968815,16.357142857142858,158.40109890102303,7.0,3.0,-20.0,1.7142857142857142,25.904761904697597,-8.571428571428571,171.34065934067587,0,3,0,0,2145.0,6.0,1.0
2025-03-25,12.0,19.0,7.0,2145,6.0,1.0,Tuesday,1,2139.0,2117.0,2238.0,2122.1428571428573,135.47619045087578,2137.0,1593.9999999716192,7.0,5.0,40.0,6.571428571428571,5.619047619296789,14.714285714285714,147.91208791201132,4.0,3.0,-36.0,1.8571428571428572,26.476190476126117,-6.857142857142857,170.28571428573136,1,3,0,0,2159.0,2.0,13.0
2025-03-26,9.0,21.0,15.0,2159,2.0,13.0,Wednesday,1,2145.0,2111.0,2218.0,2126.1428571428573,199.47619045090428,2130.3571428571427,766.7087911803972,6.0,8.0,33.0,6.714285714285714,5.238095238344316,12.285714285714286,98.21978021970257,1.0,-8.0,-27.0,1.5714285714285714,26.285714285650034,-4.214285714285714,102.18131868133659,2,3,0,0,2159.0,2.0,11.0
2025-03-27,1.0,19.0,13.0,2159,2.0,11.0,Thursday,1,2159.0,2109.0,2137.0,2133.0,286.3333333080926,2126.1428571428573,219.8241757957718,2.0,8.0,30.0,5.857142857142857,7.809523809773438,10.071428571428571,68.07142857134994,13.0,-2.0,-15.0,4.571428571428571,22.28571428564892,-1.3571428571428572,76.24725274727156,3,3,0,0,2188.0,2.0,3.0
2025-03-30,9.0,20.0,5.0,2188,2.0,3.0,Sunday,3,2159.0,2119.0,2125.0,2140.1428571428573,243.47619045099452,2127.714285714286,291.14285711445746,2.0,9.0,23.0,5.0,8.666666666916846,8.071428571428571,38.22527472519521,11.0,5.0,-15.0,6.428571428571429,17.952380952314893,0.5,69.96153846155786,6,3,1,0,2193.0,5.0,3.0
2025-03-31,9.0,25.0,8.0,2193,5.0,3.0,Monday,1,2188.0,2124.0,2116.0,2150.0,437.33333330819295,2132.214285714286,548.3351648067787,2.0,7.0,20.0,4.0,6.333333333584155,6.571428571428571,21.49450549442532,3.0,4.0,-13.0,6.142857142857143,19.476190476124525,1.7857142857142858,50.1813186813385,0,3,0,0,2191.0,12.0,-5.0
2025-04-01,17.0,36.0,7.0,2191,12.0,-5.0,Tuesday,1,2193.0,2136.0,2113.0,2159.8571428571427,519.4761904511,2137.714285714286,779.7582417298702,5.0,2.0,8.0,3.7142857142857144,4.90476190501291,5.5,6.576923076842432,3.0,7.0,-6.0,6.0,20.333333333267433,2.9285714285714284,32.07142857144875,1,4,0,0,2208.0,3.0,13.0
2025-04-02,5.0,31.0,16.0,2208,3.0,13.0,Wednesday,1,2191.0,2139.0,2116.0,2167.714285714286,514.2380952130387,2143.285714285714,917.7582417298835,12.0,7.0,6.0,5.142857142857143,13.476190476440564,5.785714285714286,9.258241758161237,-5.0,4.0,3.0,4.285714285714286,36.90476190469664,3.0,30.769230769250974,2,4,0,0,2223.0,8.0,10.0
2025-04-03,12.0,26.0,18.0,2223,8.0,10.0,Thursday,1,2208.0,2145.0,2117.0,2177.5714285714284,533.9523809273609,2149.8571428571427,1136.1318681035243,3.0,6.0,5.0,4.571428571428571,13.285714285964739,5.571428571428571,9.802197802117188,13.0,1.0,3.0,5.571428571428571,47.61904761898188,3.7142857142857144,37.91208791210834,3,4,0,0,2234.0,11.0,-4.0
2025-04-06,7.0,14.0,7.0,2234,11.0,-4.0,Sunday,3,2223.0,2159.0,2111.0,2188.714285714286,556.2380952131166,2157.4285714285716,1402.8791208507923,8.0,2.0,8.0,4.857142857142857,14.80952380977408,5.785714285714286,10.18131868123816,10.0,13.0,-8.0,6.857142857142857,45.476190476124266,4.214285714285714,40.64285714287773,6,4,1,0,2237.0,5.0,4.0
2025-04-07,12.0,22.0,9.0,2237,5.0,4.0,Monday,1,2234.0,2159.0,2109.0,2199.4285714285716,616.952380927445,2166.214285714286,1604.9505494222367,11.0,2.0,8.0,6.142857142857143,17.809523809773257,6.0,11.846153846073419,-4.0,11.0,-2.0,4.428571428571429,51.95238095231565,4.5,34.26923076925145,0,4,0,0,2243.0,9.0,3.0
2025-04-08,12.0,34.0,12.0,2243,9.0,3.0,Tuesday,1,2237.0,2188.0,2119.0,2210.5714285714284,434.95238092748787,2175.3571428571427,1648.5549450266465,5.0,2.0,9.0,6.571428571428571,14.952380952630124,5.785714285714286,11.565934065853545,4.0,3.0,5.0,3.4285714285714284,43.619047618982684,4.928571428571429,30.84065934068016,1,4,0,0,2251.0,5.0,5.0
2025-04-09,6.0,19.0,10.0,2251,5.0,5.0,Wednesday,1,2243.0,2193.0,2124.0,2218.4285714285716,453.28571426084676,2184.214285714286,1671.7197801914913,9.0,5.0,7.0,7.571428571428571,11.285714285962818,5.785714285714286,11.565934065853545,3.0,3.0,4.0,3.4285714285714284,43.619047618982684,4.785714285714286,31.104395604416375,2,4,0,0,2265.0,6.0,11.0
2025-04-10,18.0,25.0,17.0,2265,6.0,11.0,Thursday,1,2251.0,2191.0,2136.0,2226.714285714286,442.2380952132525,2193.285714285714,1647.296703268423,5.0,12.0,2.0,7.571428571428571,11.285714285962818,5.642857142857143,11.478021977941394,5.0,-5.0,7.0,3.7142857142857144,43.90476190469686,4.857142857142857,31.05494505496585,3,4,0,0,2267.0,9.0,-1.0
2025-04-11,8.0,22.0,8.0,2267,9.0,-1.0,Friday,1,2265.0,2208.0,2139.0,2237.285714285714,343.57142854661856,2202.5,1699.0384615101907,6.0,3.0,7.0,6.714285714285714,7.571428571677653,5.928571428571429,10.379120879040421,11.0,13.0,4.0,6.0,33.99999999993411,5.142857142857143,33.5164835165044,4,4,0,0,2283.0,3.0,7.0
2025-04-13,5.0,26.0,10.0,2283,3.0,7.0,Sunday,2,2267.0,2223.0,2145.0,2245.714285714286,264.9047618799782,2211.6428571428573,1618.8626373343775,9.0,8.0,6.0,7.571428571428571,5.2857142859628174,6.071428571428571,10.994505494425097,-1.0,10.0,1.0,4.0,29.333333333268175,4.785714285714286,36.181318681339455,6,4,1,0,2282.0,13.0,-4.0
2025-04-14,5.0,26.0,9.0,2282,13.0,-4.0,Monday,1,2283.0,2234.0,2159.0,2254.285714285714,324.9047618800011,2221.5,1564.2692307409868,3.0,11.0,2.0,6.857142857142857,8.142857143106133,5.857142857142857,11.670329670249178,7.0,-4.0,13.0,3.5714285714285716,24.61904761898262,5.214285714285714,35.25824175826266,0,4,0,0,2286.0,7.0,5.0
2025-04-15,4.0,19.0,12.0,2286,7.0,5.0,Tuesday,1,2282.0,2237.0,2159.0,2261.1428571428573,329.47619045144364,2230.285714285714,1462.2197801915524,13.0,5.0,2.0,7.142857142857143,11.476190476439283,6.642857142857143,13.785714285634137,-4.0,4.0,11.0,3.5714285714285716,24.61904761898262,4.0,35.53846153848206,1,4,0,0,2291.0,8.0,-3.0
2025-04-16,11.0,30.0,5.0,2291,8.0,-3.0,Wednesday,1,2286.0,2243.0,2188.0,2268.1428571428573,278.1428571181204,2239.3571428571427,1221.478021949815,7.0,9.0,2.0,7.428571428571429,10.619047619296243,7.0,11.999999999920009,5.0,3.0,3.0,3.7142857142857144,24.904761904696855,3.5714285714285716,31.64835164837204,2,4,0,0,2288.0,14.0,-4.0
2025-04-17,7.0,26.0,10.0,2288,14.0,-4.0,Thursday,1,2291.0,2251.0,2193.0,2275.0,204.99999997527334,2246.714285714286,1165.4505494223615,8.0,5.0,5.0,7.285714285714286,10.238095238343954,7.428571428571429,9.956043955964152,-3.0,5.0,3.0,2.857142857142857,31.47619047612574,3.142857142857143,34.747252747273,3,4,0,0,2305.0,4.0,2.0
2025-04-20,4.0,15.0,6.0,2305,4.0,2.0,Sunday,3,2288.0,2265.0,2191.0,2280.285714285714,104.57142854670722,2253.5,1025.0384615102926,14.0,6.0,12.0,8.571428571428571,14.952380952628848,8.071428571428571,12.379120879041354,-4.0,11.0,-5.0,1.5714285714285714,36.61904761898336,2.642857142857143,38.401098901119,6,4,1,0,2308.0,6.0,-1.0
2025-04-21,10.0,25.0,5.0,2308,6.0,-1.0,Monday,1,2305.0,2267.0,2208.0,2286.0,129.33333330861953,2261.6428571428573,857.1703296421825,4.0,9.0,3.0,8.285714285714286,17.238095238343316,7.5,12.115384615304842,2.0,-1.0,13.0,0.2857142857142857,19.904761904698116,3.142857142857143,33.67032967034993,0,4,0,0,2305.0,17.0,-3.0
2025-04-22,7.0,19.0,14.0,2305,17.0,-3.0,Tuesday,1,2308.0,2283.0,2223.0,2291.8571428571427,109.80952378481727,2268.785714285714,746.1813186531884,6.0,3.0,8.0,7.857142857142857,17.809523809772163,7.714285714285714,10.681318681239002,-1.0,7.0,10.0,0.2857142857142857,19.904761904698116,2.142857142857143,26.439560439580383,1,4,0,0,2300.0,11.0,-7.0
2025-04-23,3.0,23.0,4.0,2300,11.0,-7.0,Wednesday,1,2305.0,2282.0,2234.0,2295.0,113.99999997529785,2274.6428571428573,648.8626373345176,17.0,13.0,11.0,9.857142857142858,23.142857143104212,8.357142857142858,16.862637362557965,-3.0,-4.0,-4.0,-1.1428571428571428,11.80952380946055,1.2142857142857142,22.796703296722946,2,4,0,0,2294.0,13.0,-6.0
2025-04-24,3.0,9.0,7.0,2294,13.0,-6.0,Thursday,1,2300.0,2286.0,2237.0,2297.5714285714284,82.28571426101514,2279.3571428571427,547.324175796063,11.0,7.0,5.0,9.571428571428571,21.619047619294875,8.357142857142858,16.862637362557965,-7.0,5.0,4.0,-1.5714285714285714,15.952380952317853,1.0,25.846153846173426,3,4,0,0,2301.0,4.0,8.0
2025-04-27,9.0,40.0,12.0,2301,4.0,8.0,Sunday,3,2294.0,2291.0,2243.0,2298.714285714286,60.571428546731006,2283.4285714285716,407.9560439279372,13.0,8.0,9.0,10.428571428571429,21.61904761929432,8.928571428571429,17.302197802118652,-6.0,-3.0,3.0,-3.142857142857143,9.142857142794623,0.2857142857142857,28.373626373645727,6,4,1,0,2307.0,8.0,4.0
2025-04-28,6.0,26.0,12.0,2307,8.0,4.0,Monday,1,2301.0,2288.0,2251.0,2300.1428571428573,49.14285711816226,2287.5714285714284,287.4945054664066,4.0,14.0,5.0,9.857142857142858,27.142857143104212,8.571428571428571,19.03296703288773,8.0,-4.0,5.0,-1.5714285714285714,26.952380952317853,0.6428571428571429,32.24725274727222,0,4,0,0,2304.0,15.0,-4.0
2025-04-29,11.0,25.0,11.0,2304,15.0,-4.0,Tuesday,1,2307.0,2305.0,2265.0,2302.8571428571427,23.809523784832788,2291.5714285714284,196.41758238949222,8.0,4.0,6.0,9.0,24.000000000247624,8.785714285714286,18.027472527393318,4.0,2.0,11.0,-0.42857142857142855,29.619047618984098,0.5714285714285714,31.648351648371097,1,4,0,0,2309.0,12.0,-3.0
2025-04-30,7.0,34.0,9.0,2309,12.0,-3.0,Wednesday,1,2304.0,2308.0,2267.0,2302.714285714286,23.238095213404023,2294.3571428571427,145.63186810378454,15.0,6.0,9.0,10.571428571428571,22.952380952627554,9.428571428571429,19.956043955965022,-4.0,-1.0,-1.0,-1.2857142857142858,29.9047619046987,-0.5,23.653846153865267,2,4,0,0,2306.0,16.0,-2.0
2025-05-01,13.0,32.0,14.0,2306,16.0,-2.0,Thursday,1,2309.0,2305.0,2283.0,2302.8571428571427,25.14285711816655,2297.3571428571427,94.86263733456109,12.0,17.0,3.0,11.428571428571429,18.952380952626996,9.642857142857142,20.401098901020063,-3.0,-3.0,7.0,-1.5714285714285714,30.285714285651185,-0.6428571428571429,24.093406593425662,3,5,0,0,2335.0,5.0,5.0
2025-05-04,9.0,31.0,10.0,2335,5.0,5.0,Sunday,3,2306.0,2300.0,2282.0,2303.0,25.999999975309937,2299.0,81.84615381808175,16.0,11.0,13.0,11.285714285714286,17.238095238341376,10.571428571428571,19.186813186734753,-2.0,-7.0,-4.0,-1.4285714285714286,29.952380952317796,-1.2857142857142858,19.29670329672216,6,5,1,0,2331.0,17.0,3.0
2025-05-05,15.0,44.0,20.0,2331,17.0,3.0,Monday,1,2335.0,2294.0,2286.0,2308.0,165.999999975327,2302.785714285714,143.8736263455649,5.0,13.0,7.0,10.428571428571429,22.952380952627646,10.0,20.769230769152088,5.0,-6.0,5.0,0.2857142857142857,28.23809523803145,-0.6428571428571429,21.32417582419489,0,5,0,0,2339.0,16.0,0.0
2025-05-06,10.0,33.0,16.0,2339,16.0,0.0,Tuesday,1,2331.0,2301.0,2291.0,2313.285714285714,188.90476188010635,2306.0,172.30769227964072,17.0,4.0,8.0,11.0,28.666666666912988,10.714285714285714,23.296703296624926,3.0,8.0,-3.0,1.5714285714285714,20.95238095231669,-0.7857142857142857,19.873626373645394,1,5,0,0,2335.0,10.0,5.0
2025-05-07,10.0,30.0,15.0,2335,10.0,5.0,Wednesday,1,2339.0,2307.0,2288.0,2318.714285714286,239.5714285467906,2309.4285714285716,226.10989008184782,16.0,8.0,14.0,12.714285714285714,21.238095238340453,11.285714285714286,24.5274725273944,0.0,4.0,-4.0,0.42857142857142855,12.952380952317112,-0.5714285714285714,19.49450549452458,2,5,0,0,2361.0,11.0,5.0
2025-05-08,15.0,24.0,16.0,2361,11.0,5.0,Thursday,1,2335.0,2304.0,2305.0,2322.714285714286,242.2380952134694,2312.785714285714,228.95054942251488,10.0,15.0,4.0,13.0,18.666666666911695,11.0,23.999999999921748,5.0,-4.0,2.0,0.5714285714285714,14.285714285650393,0.07142857142857142,20.53296703298632,3,5,0,0,2385.0,3.0,9.0
2025-05-11,15.0,20.0,12.0,2385,3.0,9.0,Sunday,3,2361.0,2309.0,2308.0,2330.8571428571427,350.80952378492543,2316.785714285714,385.87362634560026,11.0,12.0,6.0,12.428571428571429,18.28571428595968,11.5,19.961538461460425,5.0,-3.0,-1.0,1.8571428571428572,12.142857142792778,0.2857142857142857,22.06593406595342,6,5,1,0,2392.0,7.0,7.0
2025-05-12,7.0,33.0,14.0,2392,7.0,7.0,Monday,1,2385.0,2306.0,2305.0,2341.714285714286,622.238095213538,2322.285714285714,705.29670326869,3.0,16.0,17.0,11.142857142857142,31.14285714310337,11.285714285714286,23.142857142779015,9.0,-2.0,-3.0,3.5714285714285716,13.285714285649291,1.0,27.230769230788813,0,5,0,0,2394.0,11.0,1.0
2025-05-13,18.0,29.0,12.0,2394,11.0,1.0,Tuesday,1,2392.0,2335.0,2300.0,2354.0,654.9999999754926,2328.5,1014.5769230489235,7.0,5.0,11.0,9.857142857142858,28.142857143104198,10.571428571428571,21.494505494427056,7.0,5.0,-7.0,4.857142857142857,8.142857142791676,1.7142857142857142,28.219780219800025,1,5,0,0,2394.0,11.0,3.0
2025-05-14,7.0,30.0,14.0,2394,11.0,3.0,Wednesday,1,2394.0,2331.0,2294.0,2362.4285714285716,778.619047594574,2335.214285714286,1233.5659340379475,11.0,17.0,13.0,10.714285714285714,23.571428571675074,10.571428571428571,21.494505494427056,1.0,3.0,-6.0,4.285714285714286,10.238095238029983,2.2857142857142856,22.065934065954057,2,5,0,0,2410.0,14.0,0.0
2025-05-15,15.0,31.0,14.0,2410,14.0,0.0,Thursday,1,2394.0,2339.0,2301.0,2371.4285714285716,685.6190475946095,2342.3571428571427,1313.7857142577427,11.0,16.0,4.0,9.857142857142858,16.142857143104198,10.428571428571429,21.03296703288853,3.0,0.0,8.0,4.285714285714286,10.238095238029983,2.9285714285714284,16.379120879141073,3,5,0,0,2437.0,9.0,5.0
2025-05-18,13.0,28.0,14.0,2437,9.0,5.0,Sunday,3,2410.0,2335.0,2307.0,2381.5714285714284,638.2857142613191,2350.1428571428573,1468.9010988731447,14.0,10.0,8.0,9.571428571428571,12.619047619294856,11.142857142857142,18.285714285636093,0.0,5.0,4.0,4.285714285714286,10.238095238029983,2.357142857142857,14.70879120881122,6,5,1,0,2457.0,6.0,11.0
2025-05-19,7.0,27.0,17.0,2457,6.0,11.0,Monday,1,2437.0,2361.0,2304.0,2396.1428571428573,541.1428571185234,2359.4285714285716,1813.1868131588828,9.0,11.0,15.0,9.428571428571429,12.619047619294948,11.214285714285714,17.873626373548213,5.0,5.0,-4.0,4.285714285714286,10.238095238029983,2.4285714285714284,15.03296703298707,0,5,0,0,2467.0,18.0,-5.0
2025-05-21,14.0,62.0,13.0,2467,18.0,-5.0,Wednesday,2,2457.0,2385.0,2309.0,2409.8571428571427,733.1428571185737,2370.3571428571427,2180.5549450270473,6.0,3.0,12.0,8.714285714285714,13.571428571676364,10.571428571428571,18.417582417503976,11.0,9.0,-3.0,5.142857142857143,16.80952380945824,3.5,16.269230769251145,2,5,0,0,2473.0,15.0,2.0
2025-05-22,18.0,36.0,17.0,2473,15.0,2.0,Thursday,1,2467.0,2392.0,2306.0,2421.5714285714284,1014.285714261473,2381.6428571428573,2472.2472527193922,18.0,7.0,16.0,10.857142857142858,17.142857143103544,11.0,22.30769230761405,-5.0,7.0,-2.0,3.142857142857143,26.809523809458977,3.357142857142857,18.554945054965383,3,5,0,0,2504.0,11.0,-4.0
2025-05-27,6.0,24.0,7.0,2504,11.0,-4.0,Tuesday,5,2473.0,2394.0,2335.0,2433.1428571428573,1153.142857118658,2393.5714285714284,2520.8791208513003,15.0,11.0,5.0,12.0,16.000000000245663,10.928571428571429,21.609890109811825,2.0,1.0,5.0,2.4285714285714284,23.95238095231638,3.642857142857143,16.40109890111932,1,5,0,0,2499.0,14.0,-2.0
2025-05-28,12.0,39.0,12.0,2499,14.0,-2.0,Wednesday,1,2504.0,2394.0,2331.0,2448.8571428571427,1446.4761904520512,2405.6428571428573,3038.0934065656256,11.0,11.0,17.0,12.0,16.000000000245663,11.357142857142858,18.70879120871311,-4.0,3.0,3.0,1.7142857142857142,29.904761904697597,3.0,20.30769230771252,2,5,0,0,2506.0,11.0,4.0
2025-05-29,13.0,38.0,15.0,2506,11.0,4.0,Thursday,1,2499.0,2410.0,2339.0,2463.8571428571427,1101.4761904521058,2417.6428571428573,3124.862637334901,14.0,14.0,16.0,12.428571428571429,16.285714285959674,11.142857142857142,16.747252747174556,-2.0,0.0,0.0,1.0,31.33333333326929,2.642857142857143,22.093406593426696,3,5,0,0,2528.0,12.0,4.0
2025-06-01,8.0,24.0,16.0,2528,12.0,4.0,Sunday,3,2506.0,2437.0,2335.0,2477.5714285714284,694.6190475950106,2429.5714285714284,3096.4175823898913,11.0,9.0,10.0,12.0,16.000000000245667,10.785714285714286,14.796703296624951,4.0,5.0,5.0,1.5714285714285714,32.28571428565004,2.9285714285714284,21.6098901099103,6,6,1,0,2518.0,16.0,-11.0
2025-06-02,10.0,19.0,5.0,2518,16.0,-11.0,Monday,1,2528.0,2457.0,2361.0,2490.5714285714284,646.9523809283882,2443.3571428571427,2949.0164834888537,12.0,6.0,11.0,12.428571428571429,14.285714285959672,10.928571428571429,14.840659340581057,4.0,11.0,5.0,1.4285714285714286,31.285714285650087,2.857142857142857,21.36263736265753,0,6,0,0,2519.0,15.0,-4.0
2025-06-03,5.0,23.0,11.0,2519,15.0,-4.0,Tuesday,1,2518.0,2467.0,2385.0,2499.285714285714,495.90476188079737,2454.5714285714284,2720.4175823900027,16.0,18.0,3.0,13.857142857142858,7.1428571431016,11.285714285714286,16.68131868124055,-11.0,-5.0,9.0,-1.7142857142857142,30.23809523803219,1.7142857142857142,34.373626373646175,1,6,0,0,2516.0,16.0,-7.0
2025-06-04,4.0,16.0,9.0,2516,16.0,-7.0,Wednesday,1,2519.0,2473.0,2392.0,2506.714285714286,322.57142854748736,2464.1428571428573,2568.7472527197137,15.0,15.0,7.0,13.428571428571429,4.285714285959022,12.142857142857142,11.670329670251913,-4.0,2.0,7.0,-1.5714285714285714,29.285714285651185,0.7857142857142857,31.873626373645884,2,6,0,0,2503.0,21.0,-16.0
2025-06-05,8.0,26.0,5.0,2503,21.0,-16.0,Thursday,1,2516.0,2504.0,2394.0,2512.8571428571427,103.47619045226897,2473.0,2290.769230741733,16.0,11.0,11.0,13.571428571428571,4.952380952625595,12.785714285714286,10.335164835087358,-7.0,-4.0,1.0,-2.857142857142857,30.142857142794515,-0.21428571428571427,32.489010989030184,3,6,0,0,2507.0,13.0,2.0
2025-06-08,10.0,16.0,15.0,2507,13.0,2.0,Sunday,3,2503.0,2499.0,2394.0,2512.714285714286,106.57142854750707,2480.785714285714,1814.6428571153979,21.0,14.0,11.0,15.0,10.666666666910375,13.5,14.730769230692063,-16.0,-2.0,3.0,-4.571428571428571,55.28571428565229,-1.4285714285714286,49.95604395606277,6,6,1,0,2516.0,9.0,5.0
2025-06-09,8.0,21.0,14.0,2516,9.0,5.0,Monday,1,2507.0,2506.0,2410.0,2513.8571428571427,79.14285711893918,2488.8571428571427,1217.9780219506044,13.0,11.0,14.0,14.857142857142858,11.142857143100946,13.642857142857142,14.247252747175642,2.0,4.0,0.0,-4.0,60.99999999993779,-1.5,49.34615384617263,0,6,0,0,2511.0,12.0,-5.0
2025-06-10,17.0,28.0,7.0,2511,12.0,-5.0,Tuesday,1,2516.0,2528.0,2437.0,2515.285714285714,67.23809521418133,2496.4285714285716,734.5714285440497,9.0,12.0,9.0,14.571428571428571,14.285714285958278,13.285714285714286,15.758241758164498,5.0,4.0,5.0,-3.857142857142857,63.80952380946155,-1.1428571428571428,52.28571428573319,1,6,0,0,2523.0,14.0,-4.0
2025-06-17,7.0,24.0,10.0,2523,14.0,-4.0,Tuesday,7,2511.0,2518.0,2457.0,2512.8571428571427,36.47619045226895,2501.714285714286,449.1428571155024,12.0,16.0,6.0,14.571428571428571,14.285714285958278,13.5,14.423076922999757,-5.0,-11.0,11.0,-5.142857142857143,51.80952380946203,-1.8571428571428572,49.97802197804065,1,6,0,0,2501.0,18.0,-11.0
2025-06-19,8.0,19.0,7.0,2501,18.0,-11.0,Thursday,2,2523.0,2519.0,2467.0,2513.5714285714284,48.619047595127874,2506.4285714285716,306.26373623640325,14.0,15.0,18.0,14.285714285714286,13.904761905006085,14.071428571428571,9.763736263659343,-4.0,-4.0,-5.0,-4.142857142857143,45.14285714279499,-2.9285714285714284,36.37912087913922,3,6,0,1,2508.0,7.0,-2.0
2025-06-22,7.0,13.0,5.0,2508,7.0,-2.0,Sunday,3,2501.0,2516.0,2473.0,2511.0,62.33333330940798,2508.8571428571427,182.59340656608452,18.0,16.0,15.0,14.714285714285714,15.904761905005804,14.071428571428571,9.763736263659343,-11.0,-7.0,2.0,-5.142857142857143,51.80952380946203,-3.357142857142857,40.86263736265557,6,6,1,0,2495.0,17.0,-12.0
2025-06-23,3.0,15.0,5.0,2495,17.0,-12.0,Monday,1,2508.0,2503.0,2504.0,2509.8571428571427,58.1428571189293,2511.3571428571427,77.01648348917223,7.0,21.0,11.0,13.428571428571429,23.619047619292363,13.5,13.192307692230525,-2.0,-16.0,-4.0,-4.428571428571429,52.28571428565224,-3.642857142857143,38.70879120880932,0,6,0,0,2489.0,16.0,-11.0
2025-06-24,5.0,20.0,5.0,2489,16.0,-11.0,Tuesday,1,2495.0,2507.0,2499.0,2508.714285714286,85.57142854749718,2510.714285714286,92.9890109616973,17.0,13.0,14.0,12.857142857142858,15.809523809768928,13.928571428571429,13.456043955966974,-12.0,2.0,-2.0,-3.857142857142857,39.14285714279489,-4.214285714285714,43.71978021979815,1,6,0,0,2470.0,24.0,-22.0
2025-06-25,6.0,12.0,2.0,2470,24.0,-22.0,Wednesday,1,2489.0,2516.0,2506.0,2506.1428571428573,142.14285711891878,2510.0,118.1538461265306,16.0,9.0,11.0,13.285714285714286,17.238095238340076,14.071428571428571,13.763736263659343,-11.0,5.0,4.0,-5.714285714285714,37.90476190470033,-4.857142857142857,46.43956043957817,2,6,0,0,2447.0,35.0,-28.0
2025-06-26,3.0,9.0,7.0,2447,35.0,-28.0,Thursday,1,2470.0,2511.0,2528.0,2499.5714285714284,293.28571426175876,2507.4285714285716,232.87912085179863,24.0,12.0,12.0,15.428571428571429,27.952380952624384,15.0,19.69230769223117,-22.0,-5.0,4.0,-9.571428571428571,45.61904761898747,-6.714285714285714,59.29670329672044,3,6,0,0,2413.0,20.0,-13.0
2025-06-29,5.0,17.0,7.0,2413,20.0,-13.0,Sunday,3,2447.0,2523.0,2518.0,2490.4285714285716,634.6190475950734,2501.6428571428573,445.17032964299193,35.0,14.0,16.0,18.714285714285715,77.23809523833653,16.642857142857142,46.86263736256156,-28.0,-4.0,-11.0,-12.857142857142858,86.1428571427982,-9.0,79.69230769232412,6,6,1,0,2407.0,16.0,-8.0
2025-06-30,9.0,22.0,8.0,2407,16.0,-8.0,Monday,1,2413.0,2501.0,2519.0,2474.714285714286,1168.9047618807583,2494.1428571428573,968.4395604122054,20.0,18.0,15.0,19.571428571428573,72.95238095262168,16.928571428571427,47.60989010981442,-13.0,-11.0,-4.0,-14.142857142857142,71.14285714279868,-9.142857142857142,80.59340659342297,0,6,0,0,2391.0,22.0,-16.0
2025-07-01,7.0,14.0,6.0,2391,22.0,-16.0,Tuesday,1,2407.0,2508.0,2516.0,2461.285714285714,1607.5714285473941,2486.1428571428573,1436.1318681044943,16.0,7.0,16.0,19.285714285714285,74.57142857166947,17.0,47.38461538453973,-8.0,-2.0,-7.0,-13.714285714285714,75.57142857136994,-9.428571428571429,78.57142857144486,1,7,0,0,2373.0,38.0,-29.0
2025-07-02,8.0,20.0,9.0,2373,38.0,-29.0,Wednesday,1,2391.0,2495.0,2503.0,2444.5714285714284,1741.2857142616497,2477.214285714286,1978.027472500074,22.0,17.0,21.0,21.428571428571427,45.28571428595379,17.428571428571427,49.03296703289156,-16.0,-12.0,-16.0,-15.714285714285714,48.90476190470401,-10.071428571428571,80.99450549452158,2,7,0,0,2332.0,8.0,-6.0
2025-07-06,4.0,17.0,2.0,2332,8.0,-6.0,Sunday,4,2373.0,2489.0,2507.0,2427.1428571428573,1816.8095237854352,2467.9285714285716,2669.456043928619,38.0,16.0,13.0,24.428571428571427,77.28571428595184,18.642857142857142,79.01648351640857,-29.0,-11.0,2.0,-18.142857142857142,69.14285714280015,-11.0,104.92307692309272,6,7,1,0,2317.0,20.0,-12.0
2025-07-07,3.0,18.0,8.0,2317,20.0,-12.0,Monday,1,2332.0,2470.0,2516.0,2404.714285714286,2100.9047618806358,2455.4285714285716,3805.032967005511,8.0,24.0,9.0,23.285714285714285,108.90476190500021,18.285714285714285,85.14285714278205,-6.0,-22.0,5.0,-17.428571428571427,84.61904761899036,-11.571428571428571,93.4945054945211,0,7,0,0,2306.0,20.0,-12.0
2025-07-08,5.0,16.0,8.0,2306,20.0,-12.0,Tuesday,1,2317.0,2447.0,2511.0,2382.8571428571427,2115.476190452013,2441.214285714286,4779.258241730749,20.0,35.0,12.0,22.714285714285715,110.23809523833393,19.071428571428573,78.0714285713538,-12.0,-28.0,-5.0,-16.0,83.66666666660889,-12.785714285714286,70.79670329671852,1,7,0,0,2281.0,32.0,-32.0
2025-07-09,2.0,18.0,0.0,2281,32.0,-32.0,Wednesday,1,2306.0,2413.0,2523.0,2362.714285714286,1940.9047618805255,2426.5714285714284,5580.109890082355,20.0,20.0,14.0,20.571428571428573,80.95238095262103,19.642857142857142,73.93956043948593,-12.0,-13.0,-4.0,-13.714285714285714,56.23809523803663,-13.285714285714286,65.91208791210298,2,7,0,0,2252.0,39.0,-36.0
2025-07-10,2.0,12.0,3.0,2252,39.0,-36.0,Thursday,1,2281.0,2407.0,2501.0,2343.8571428571427,2217.476190451891,2409.285714285714,6173.142857115265,32.0,16.0,18.0,22.285714285714285,99.23809523833421,20.928571428571427,81.45604395597,-32.0,-8.0,-11.0,-16.428571428571427,103.28571428565668,-15.285714285714286,81.91208791210236,3,7,0,0,2204.0,10.0,-6.0
2025-07-13,1.0,13.0,4.0,2204,10.0,-6.0,Sunday,3,2252.0,2391.0,2508.0,2321.714285714286,2387.2380952137223,2391.5,7088.42307689543,39.0,22.0,7.0,25.571428571428573,126.61904761928446,22.428571428571427,103.49450549443216,-36.0,-16.0,-2.0,-20.428571428571427,136.61904761899146,-17.071428571428573,110.07142857144247,6,7,1,0,2181.0,26.0,-25.0
2025-07-14,2.0,9.0,1.0,2181,26.0,-25.0,Monday,1,2204.0,2373.0,2495.0,2295.0,3063.999999975545,2369.785714285714,8240.950549422838,10.0,38.0,17.0,23.857142857142858,161.47619047642843,22.642857142857142,97.01648351641028,-6.0,-29.0,-12.0,-19.0,165.66666666661,-17.357142857142858,101.93956043957427,0,7,0,0,2171.0,17.0,-12.0
2025-07-15,0.0,8.0,5.0,2171,17.0,-12.0,Tuesday,1,2181.0,2332.0,2489.0,2267.5714285714284,3338.2857142611633,2347.3571428571427,9234.70879118102,26.0,8.0,16.0,22.142857142857142,125.47619047642955,23.285714285714285,94.98901098893802,-25.0,-6.0,-11.0,-18.428571428571427,154.61904761899078,-18.285714285714285,103.29670329671684,1,7,0,0,2164.0,11.0,-11.0
2025-07-16,1.0,9.0,0.0,2164,11.0,-11.0,Wednesday,1,2171.0,2317.0,2470.0,2244.5714285714284,3583.619047594418,2324.6428571428573,9528.247252719426,17.0,20.0,24.0,23.428571428571427,94.61904761928587,23.357142857142858,93.93956043948751,-12.0,-12.0,-22.0,-19.285714285714285,134.90476190470537,-18.357142857142858,102.24725274726626,2,7,0,0,2153.0,17.0,-15.0
2025-07-17,3.0,16.0,2.0,2153,17.0,-15.0,Thursday,1,2164.0,2306.0,2447.0,2222.714285714286,3233.904761880051,2302.785714285714,9373.565934038053,11.0,20.0,35.0,22.142857142857142,116.47619047642952,22.428571428571427,104.7252747252014,-11.0,-12.0,-28.0,-19.142857142857142,137.4761904761339,-17.571428571428573,104.72527472528847,3,7,0,0,2121.0,16.0,-9.0
2025-07-21,4.0,18.0,7.0,2121,16.0,-9.0,Monday,4,2153.0,2281.0,2413.0,2200.8571428571427,2330.4761904513857,2281.785714285714,9024.642857114934,17.0,32.0,20.0,21.714285714285715,119.90476190500122,21.142857142857142,93.05494505487117,-15.0,-32.0,-13.0,-19.571428571428573,131.61904761899117,-16.642857142857142,95.93956043957445,0,7,0,0,2117.0,16.0,-13.0
2025-07-22,5.0,13.0,3.0,2117,16.0,-13.0,Tuesday,1,2121.0,2252.0,2407.0,2178.0,1713.3333333084254,2260.9285714285716,9220.379120851157,16.0,39.0,16.0,19.428571428571427,101.6190476192884,20.857142857142858,94.90109890102488,-9.0,-36.0,-8.0,-16.285714285714285,111.90476190470429,-16.357142857142858,99.32417582418992,1,7,0,0,2111.0,14.0,-9.0
2025-07-23,6.0,21.0,5.0,2111,14.0,-9.0,Wednesday,1,2117.0,2204.0,2391.0,2158.714285714286,986.9047618797754,2240.214285714286,8710.48901096101,16.0,10.0,22.0,16.142857142857142,27.142857143100034,20.857142857142858,94.90109890102488,-13.0,-6.0,-16.0,-13.0,36.33333333327454,-16.714285714285715,94.68131868133267,2,7,0,0,2096.0,29.0,-22.0
2025-07-24,6.0,18.0,7.0,2096,29.0,-22.0,Thursday,1,2111.0,2181.0,2373.0,2145.4285714285716,818.6190475940081,2220.214285714286,7815.104395576361,14.0,26.0,38.0,16.714285714285715,21.238095238337763,20.285714285714285,98.0659340658598,-9.0,-25.0,-29.0,-13.428571428571429,30.619047618988983,-16.214285714285715,98.9505494505636,3,7,0,0,2088.0,4.0,-2.0
2025-07-27,1.0,12.0,2.0,2088,4.0,-2.0,Sunday,3,2096.0,2171.0,2332.0,2133.285714285714,842.9047618796782,2200.4285714285716,6784.725274697206,29.0,17.0,8.0,17.142857142857142,31.809523809766063,19.642857142857142,79.32417582410129,-22.0,-12.0,-6.0,-13.0,20.333333333274542,-15.714285714285714,88.681318681333,6,7,1,0,2080.0,14.0,-11.0
2025-07-28,2.0,9.0,3.0,2080,14.0,-11.0,Monday,1,2088.0,2164.0,2317.0,2121.4285714285716,783.619047593921,2183.0,6098.307692279593,4.0,11.0,20.0,15.285714285714286,56.57142857167204,19.357142857142858,87.63186813179348,-2.0,-11.0,-12.0,-11.571428571428571,37.95238095232165,-15.428571428571429,95.8021978022122,0,7,0,0,2072.0,12.0,-9.0
2025-07-29,2.0,8.0,3.0,2072,12.0,-9.0,Tuesday,1,2080.0,2153.0,2306.0,2109.4285714285716,599.6190475938719,2166.0714285714284,5224.532967004833,14.0,17.0,20.0,15.714285714285714,53.57142857167175,18.928571428571427,89.60989010981528,-11.0,-15.0,-12.0,-11.571428571428571,37.95238095232165,-15.357142857142858,96.40109890111331,1,7,0,0,2063.0,16.0,-12.0
2025-07-30,4.0,15.0,4.0,2063,16.0,-12.0,Wednesday,1,2072.0,2121.0,2281.0,2097.8571428571427,360.4761904509697,2149.3571428571427,4098.2472527190785,12.0,16.0,32.0,15.0,55.00000000024364,18.357142857142858,92.8626373625623,-9.0,-9.0,-32.0,-10.714285714285714,36.238095238035626,-15.142857142857142,98.59340659342108,2,7,0,0,2058.0,15.0,-9.0
2025-07-31,2.0,9.0,6.0,2058,15.0,-9.0,Thursday,1,2063.0,2117.0,2252.0,2089.5714285714284,393.619047593797,2133.785714285714,3077.719780191571,16.0,16.0,39.0,15.0,55.00000000024364,17.214285714285715,77.56593406585851,-12.0,-13.0,-36.0,-11.142857142857142,35.80952380946435,-13.714285714285714,75.29670329671823,3,7,0,0,2049.0,5.0,-2.0
2025-08-03,5.0,26.0,3.0,2049,5.0,-2.0,Sunday,3,2058.0,2111.0,2204.0,2081.1428571428573,351.4761904509093,2119.9285714285716,2237.7637362355,15.0,14.0,10.0,14.857142857142858,54.80952380976754,15.5,38.2692307691545,-9.0,-9.0,-6.0,-10.571428571428571,35.619047618987956,-11.785714285714286,34.79670329671883,6,8,1,0,2040.0,14.0,-3.0
2025-08-04,5.0,22.0,11.0,2040,14.0,-3.0,Monday,1,2049.0,2096.0,2181.0,2072.285714285714,283.571428546112,2108.8571428571427,1949.0549450266913,5.0,29.0,26.0,13.571428571428571,68.95238095262552,15.142857142857142,44.28571428563786,-2.0,-22.0,-25.0,-9.571428571428571,46.28571428565426,-11.5,39.500000000015625,0,8,0,0,2042.0,14.0,-4.0
2025-08-05,2.0,21.0,10.0,2042,14.0,-4.0,Tuesday,1,2040.0,2088.0,2171.0,2064.285714285714,288.9047618794107,2098.785714285714,1804.1813186530478,14.0,4.0,17.0,11.428571428571429,23.9523809526269,14.285714285714286,34.52747252739573,-3.0,-2.0,-12.0,-6.857142857142857,19.142857142796135,-9.928571428571429,28.379120879136988,1,8,0,0,2036.0,13.0,-10.0
2025-08-06,4.0,17.0,3.0,2036,13.0,-10.0,Wednesday,1,2042.0,2080.0,2164.0,2057.714285714286,227.57142854604945,2089.5714285714284,1559.648351620061,14.0,14.0,11.0,12.857142857142858,13.476190476435498,14.071428571428571,33.91758241750553,-4.0,-11.0,-11.0,-7.142857142857143,16.47619047612957,-9.357142857142858,30.401098901115184,2,8,0,0,2031.0,17.0,-11.0
2025-08-07,4.0,18.0,6.0,2031,17.0,-11.0,Thursday,1,2036.0,2072.0,2153.0,2051.4285714285716,177.28571426031104,2080.4285714285716,1264.2637362354278,13.0,12.0,17.0,12.714285714285714,13.238095238340351,14.214285714285714,33.25824175816493,-10.0,-9.0,-15.0,-7.0,15.333333333272378,-9.285714285714286,30.219780219796526,3,8,0,0,2006.0,12.0,-4.0
2025-08-10,0.0,18.0,8.0,2006,12.0,-4.0,Sunday,3,2031.0,2063.0,2121.0,2045.5714285714287,136.28571426028745,2071.714285714286,965.2967032683791,17.0,16.0,16.0,13.428571428571429,15.61904761929227,14.214285714285714,33.25824175816493,-11.0,-12.0,-9.0,-7.285714285714286,17.238095238034386,-9.0,27.846153846170242,6,8,1,0,1999.0,16.0,-12.0
2025-08-11,6.0,23.0,4.0,1999,16.0,-12.0,Monday,1,2006.0,2058.0,2117.0,2037.4285714285713,269.28571426025525,2063.5,1037.961538433203,12.0,15.0,16.0,12.857142857142858,14.476190476435498,13.928571428571429,33.302197802120844,-4.0,-9.0,-13.0,-6.142857142857143,13.809523809462542,-8.642857142857142,29.631868131884637,0,8,0,0,1999.0,9.0,0.0
2025-08-12,8.0,38.0,9.0,1999,9.0,0.0,Tuesday,1,1999.0,2049.0,2111.0,2029.0,361.9999999745064,2055.0714285714284,1061.3021977738526,16.0,5.0,14.0,13.0,15.333333333578262,13.928571428571429,33.302197802120844,-12.0,-2.0,-9.0,-6.571428571428571,17.95238095231984,-8.571428571428571,29.032967032983564,1,8,0,0,1997.0,17.0,-5.0
2025-08-13,6.0,22.0,12.0,1997,17.0,-5.0,Wednesday,1,1999.0,2040.0,2096.0,2021.857142857143,385.8095237839995,2047.0714285714287,993.609890081534,9.0,14.0,29.0,13.571428571428571,6.952380952625511,13.571428571428571,35.03296703288992,0.0,-3.0,-22.0,-6.285714285714286,21.571428571367353,-7.928571428571429,34.225274725291456,2,8,0,0,1994.0,11.0,-7.0
2025-08-14,3.0,27.0,4.0,1994,11.0,-7.0,Thursday,1,1997.0,2042.0,2088.0,2015.7142857142858,389.9047618792119,2040.0,948.4615384331739,17.0,14.0,4.0,14.0,8.666666666910947,12.714285714285714,16.83516483508736,-5.0,-4.0,-2.0,-6.571428571428571,19.95238095231984,-6.714285714285714,18.065934065951172,3,8,0,0,1991.0,3.0,-1.0
2025-08-17,4.0,14.0,2.0,1991,3.0,-1.0,Sunday,3,1994.0,2036.0,2080.0,2008.857142857143,298.4761904506118,2033.2857142857142,885.4505494221796,11.0,13.0,14.0,13.571428571428571,9.95238095262551,13.214285714285714,10.95054945047219,-7.0,-10.0,-11.0,-7.0,18.666666666605707,-7.071428571428571,16.225274725291722,6,8,1,0,1985.0,14.0,-8.0
2025-08-18,4.0,20.0,6.0,1985,14.0,-8.0,Monday,1,1991.0,2031.0,2072.0,2002.4285714285713,180.6190475934416,2026.9285714285713,811.6098900815161,3.0,17.0,12.0,12.142857142857142,26.142857143102628,12.428571428571429,18.263736263658664,-1.0,-11.0,-9.0,-5.714285714285714,21.238095238033814,-6.357142857142857,17.32417582419304,0,8,0,0,1980.0,11.0,-8.0
2025-08-19,5.0,35.0,3.0,1980,11.0,-8.0,Tuesday,1,1985.0,2006.0,2063.0,1995.857142857143,44.80952378388893,2020.7142857142858,748.9890109606325,14.0,12.0,16.0,11.714285714285714,22.571428571674332,12.571428571428571,18.41758241750488,-8.0,-4.0,-12.0,-5.285714285714286,17.23809523803366,-6.285714285714286,16.98901098902823,1,8,0,0,1983.0,10.0,0.0
2025-08-20,10.0,38.0,10.0,1983,10.0,0.0,Wednesday,1,1980.0,1999.0,2058.0,1992.142857142857,53.47619045054092,2014.7857142857142,701.1043955760128,11.0,16.0,15.0,11.571428571428571,22.61904761929347,12.214285714285714,17.565934065856375,-8.0,-12.0,-9.0,-5.857142857142857,17.809523809462437,-6.0,14.615384615401947,2,8,0,0,1972.0,21.0,-13.0
2025-08-21,6.0,49.0,8.0,1972,21.0,-13.0,Thursday,1,1983.0,1999.0,2049.0,1989.857142857143,53.47619045053253,2009.4285714285713,604.2637362353498,10.0,9.0,5.0,10.714285714285714,18.90476190500831,11.857142857142858,17.20879120871336,0.0,0.0,-2.0,-4.142857142857143,13.809523809461817,-5.357142857142857,16.247252747270277,3,8,0,0,1981.0,5.0,0.0
2025-08-24,4.0,21.0,5.0,1981,5.0,0.0,Sunday,3,1972.0,1997.0,2040.0,1986.0,75.33333330766096,2003.9285714285713,558.994505466115,21.0,17.0,14.0,12.428571428571429,32.61904761929292,13.0,18.61538461530727,-13.0,-5.0,-3.0,-6.0,19.99999999993868,-6.142857142857143,19.208791208808496,6,8,1,0,1980.0,11.0,-3.0
2025-08-25,8.0,30.0,8.0,1980,11.0,-3.0,Monday,1,1981.0,1994.0,2042.0,1983.7142857142858,53.23809521241404,1999.7142857142858,480.21978019138646,5.0,11.0,14.0,10.714285714285714,34.904761905008314,12.357142857142858,23.01648351640589,0.0,-7.0,-4.0,-5.285714285714286,25.23809523803366,-5.928571428571429,21.302197802215154,0,8,0,0,1989.0,15.0,5.0
2025-08-26,10.0,21.0,20.0,1989,15.0,5.0,Tuesday,1,1980.0,1991.0,2036.0,1981.7142857142858,33.23809521240586,1995.2857142857142,351.4505494221524,11.0,3.0,13.0,10.714285714285714,34.904761905008314,12.142857142857142,22.90109890102118,-3.0,-1.0,-10.0,-4.714285714285714,25.238095238033456,-5.857142857142857,21.670329670347044,1,8,0,0,1988.0,19.0,-10.0
2025-08-27,5.0,19.0,9.0,1988,19.0,-10.0,Wednesday,1,1989.0,1985.0,2031.0,1981.4285714285713,27.619047593356996,1991.9285714285713,214.84065931225982,15.0,14.0,17.0,12.428571428571429,24.619047619292914,12.285714285714286,23.45054945047179,5.0,-8.0,-11.0,-3.857142857142857,37.809523809461716,-4.785714285714286,28.18131868133639,2,8,0,0,1984.0,17.0,-11.0
2025-08-28,8.0,33.0,6.0,1984,17.0,-11.0,Thursday,1,1988.0,1980.0,2006.0,1981.857142857143,32.476190450501356,1988.857142857143,88.43956041115909,19.0,11.0,12.0,13.142857142857142,30.80952380976864,12.428571428571429,25.186813186735588,-10.0,-8.0,-4.0,-4.142857142857143,41.14285714279515,-4.714285714285714,27.296703296721027,3,8,0,0,2010.0,5.0,12.0
2025-09-01,10.0,29.0,17.0,2010,5.0,12.0,Monday,4,1984.0,1983.0,1999.0,1982.4285714285713,32.28571426002717,1987.2857142857142,64.98901096060918,17.0,10.0,16.0,14.0,31.66666666691094,12.785714285714286,26.642857142779697,-11.0,0.0,-12.0,-4.571428571428571,46.28571428565245,-5.214285714285714,30.027472527490097,0,9,0,1,2020.0,9.0,0.0
2025-09-02,6.0,35.0,9.0,2020,9.0,0.0,Tuesday,1,2010.0,1972.0,1999.0,1986.2857142857142,141.57142854575432,1988.0714285714287,93.45604392764244,5.0,21.0,9.0,13.285714285714286,41.904761905006644,12.0,29.846153846076064,12.0,-13.0,0.0,-2.857142857142857,85.14285714279468,-3.5,46.115384615402725,1,9,0,0,2019.0,10.0,1.0
2025-09-03,4.0,29.0,11.0,2019,10.0,1.0,Wednesday,1,2020.0,1981.0,1997.0,1993.142857142857,242.1428571172061,1989.5714285714287,160.26373623533522,9.0,5.0,17.0,11.571428571428571,31.619047619293482,12.0,29.846153846076064,0.0,0.0,-5.0,-1.0,65.3333333332702,-3.5,46.115384615402725,2,9,0,0,2015.0,14.0,-12.0
2025-09-04,11.0,40.0,2.0,2015,14.0,-12.0,Thursday,1,2019.0,1980.0,1994.0,1998.5714285714287,294.6190475934131,1991.142857142857,219.9780219496218,10.0,11.0,11.0,12.285714285714286,24.238095238340634,11.5,27.961538461460464,1.0,-3.0,-7.0,-0.8571428571428571,65.80952380946063,-3.0714285714285716,47.30219780221604,3,9,0,0,2026.0,7.0,2.0
2025-09-07,4.0,19.0,9.0,2026,7.0,2.0,Sunday,3,2015.0,1989.0,1991.0,2003.5714285714287,252.9523809267614,1992.642857142857,260.7087911803918,14.0,15.0,3.0,12.714285714285714,24.238095238340353,11.714285714285714,28.37362637354847,-12.0,5.0,-1.0,-2.142857142857143,83.80952380946108,-3.4285714285714284,52.10989010990824,6,9,1,0,2025.0,6.0,-1.0
2025-09-08,7.0,25.0,5.0,2025,6.0,-1.0,Monday,1,2026.0,1988.0,1985.0,2008.857142857143,268.80952378391873,1995.142857142857,339.36263733423937,7.0,19.0,14.0,11.571428571428571,27.285714285960157,12.0,24.153846153768374,2.0,-10.0,-8.0,-2.5714285714285716,77.95238095231838,-3.2142857142857144,53.87362637364457,0,9,0,0,2023.0,14.0,-3.0
2025-09-09,18.0,42.0,11.0,2023,14.0,-3.0,Tuesday,1,2025.0,1984.0,1980.0,2014.142857142857,207.14285711726495,1998.0,391.23076920237264,6.0,17.0,11.0,9.714285714285714,19.23809523834234,11.428571428571429,26.263736263658238,-1.0,-11.0,-8.0,-1.2857142857142858,67.2380952380322,-2.7142857142857144,52.21978021979857,1,9,0,0,2025.0,18.0,-4.0
2025-09-10,10.0,47.0,14.0,2025,18.0,-4.0,Wednesday,1,2023.0,2010.0,1983.0,2019.7142857142858,32.571428545848356,2001.0714285714287,404.2252746968791,14.0,5.0,10.0,9.285714285714286,13.238095238342623,11.642857142857142,26.708791208713276,-3.0,12.0,0.0,-0.14285714285714285,50.47619047612702,-2.357142857142857,49.9395604395789,2,9,0,0,2047.0,6.0,23.0
2025-09-11,12.0,38.0,29.0,2047,6.0,23.0,Thursday,1,2025.0,2020.0,1972.0,2021.857142857143,16.142857117281174,2004.0714285714287,413.45604392764915,18.0,9.0,21.0,11.142857142857142,18.809523809769967,12.214285714285714,29.25824175816407,-4.0,0.0,-13.0,-2.4285714285714284,22.28571428565166,-2.642857142857143,49.6318681318865,3,9,0,0,2083.0,5.0,8.0
2025-09-14,7.0,39.0,13.0,2083,5.0,8.0,Sunday,3,2047.0,2019.0,1981.0,2025.7142857142858,103.5714285458605,2009.4285714285713,445.18681315841957,6.0,10.0,5.0,10.714285714285714,22.238095238341682,11.142857142857142,25.054945054866906,23.0,1.0,0.0,0.8571428571428571,116.47619047612666,-0.07142857142857142,84.84065934067851,6,9,1,0,2086.0,10.0,0.0
2025-09-15,9.0,47.0,10.0,2086,10.0,0.0,Monday,1,2083.0,2015.0,1980.0,2034.857142857143,545.4761904506407,2016.7142857142858,742.2197801913883,5.0,14.0,11.0,10.0,27.000000000246917,11.142857142857142,25.054945054866906,8.0,-12.0,-3.0,1.8571428571428572,123.80952380945962,0.5,89.50000000001936,0,9,0,0,2095.0,12.0,5.0
2025-09-16,7.0,28.0,17.0,2095,12.0,5.0,Tuesday,1,2086.0,2026.0,1989.0,2045.0,795.6666666411382,2024.2857142857142,946.0659340375439,10.0,7.0,15.0,9.428571428571429,23.95238095262825,11.071428571428571,25.148351648273465,0.0,2.0,5.0,3.5714285714285716,88.95238095231615,0.7142857142857143,88.52747252749197,1,9,0,0,2096.0,13.0,-8.0
2025-09-17,7.0,38.0,5.0,2096,13.0,-8.0,Wednesday,1,2095.0,2025.0,1988.0,2054.8571428571427,1038.8095237840178,2031.857142857143,1173.208791180401,12.0,6.0,19.0,10.142857142857142,23.4761904764373,10.857142857142858,23.9780219779437,5.0,-1.0,-10.0,4.0,88.6666666666017,0.7142857142857143,88.52747252749197,2,9,0,0,2096.0,14.0,-3.0
2025-09-18,20.0,52.0,11.0,2096,14.0,-3.0,Thursday,1,2096.0,2023.0,1984.0,2065.0,1052.3333333078515,2039.5714285714287,1277.6483516199603,13.0,14.0,17.0,11.142857142857142,20.809523809769967,10.428571428571429,19.03296703288857,-8.0,-3.0,-11.0,3.0,107.33333333326873,0.8571428571428571,85.516483516503,3,9,0,0,2134.0,5.0,8.0
2025-09-21,8.0,35.0,13.0,2134,5.0,8.0,Sunday,3,2096.0,2025.0,2010.0,2075.4285714285716,791.619047593586,2047.5714285714287,1216.1098900814964,14.0,18.0,5.0,11.142857142857142,20.809523809769967,10.214285714285714,16.64285714277859,-3.0,-4.0,12.0,3.0,107.33333333326873,1.4285714285714286,75.49450549452516,6,9,1,0,2141.0,10.0,4.0
2025-09-22,17.0,40.0,14.0,2141,10.0,4.0,Monday,1,2134.0,2047.0,2020.0,2091.0,656.6666666412283,2056.4285714285716,1597.648351619956,5.0,6.0,9.0,9.285714285714286,15.238095238342638,10.214285714285714,16.64285714277859,8.0,23.0,0.0,4.714285714285714,99.90476190469667,1.1428571428571428,70.13186813188771,0,9,0,0,2145.0,15.0,-5.0
2025-09-23,11.0,36.0,10.0,2145,15.0,-5.0,Tuesday,1,2141.0,2083.0,2019.0,2104.4285714285716,540.2857142602861,2065.0714285714284,1965.302197773797,10.0,5.0,10.0,9.857142857142858,13.14285714310416,10.285714285714286,16.527472527394004,4.0,8.0,1.0,2.0,35.6666666666024,1.4285714285714286,70.57142857144825,1,9,0,0,2138.0,17.0,-5.0
2025-09-24,3.0,38.0,12.0,2138,17.0,-5.0,Wednesday,1,2145.0,2086.0,2015.0,2113.285714285714,646.571428546009,2074.0714285714284,2206.2252746968693,15.0,10.0,14.0,11.285714285714286,11.238095238341302,10.642857142857142,18.093406593328226,-5.0,0.0,-12.0,0.14285714285714285,33.80952380946022,1.0,73.53846153848109,2,9,0,0,2132.0,18.0,-6.0
2025-09-25,6.0,35.0,12.0,2132,18.0,-6.0,Thursday,1,2138.0,2095.0,2026.0,2120.714285714286,559.9047618793535,2082.8571428571427,2169.0549450265357,17.0,12.0,7.0,12.285714285714286,15.238095238340634,10.857142857142858,20.28571428563601,-5.0,5.0,2.0,-0.5714285714285714,37.61904761898428,1.5,63.03846153848124,3,9,0,0,2146.0,9.0,3.0
2025-09-28,11.0,29.0,12.0,2146,9.0,3.0,Sunday,3,2132.0,2096.0,2025.0,2126.0,438.3333333079351,2090.4285714285716,2044.4175823891696,18.0,13.0,6.0,13.142857142857142,19.80952380976863,11.642857142857142,22.40109890102097,-6.0,-8.0,-1.0,-2.142857142857143,34.476190476127705,0.9285714285714286,66.99450549452501,6,9,1,0,2148.0,13.0,-1.0
2025-09-29,8.0,35.0,12.0,2148,13.0,-1.0,Monday,1,2146.0,2096.0,2023.0,2133.1428571428573,295.4761904508058,2099.0714285714284,1872.2252746968609,9.0,14.0,14.0,12.571428571428571,22.28571428595949,11.857142857142858,20.439560439482598,3.0,-3.0,-3.0,-0.5714285714285714,30.285714285650954,1.2142857142857142,66.95054945056906,0,9,0,0,2159.0,7.0,5.0
2025-09-30,8.0,32.0,12.0,2159,7.0,5.0,Tuesday,1,2148.0,2134.0,2025.0,2140.5714285714284,37.9523809270079,2108.0,1525.3846153562044,13.0,5.0,18.0,12.428571428571429,21.952380952626257,11.785714285714286,20.181318681240814,-1.0,8.0,-4.0,-0.2857142857142857,29.238095238031804,1.3571428571428572,65.93956043958009,1,9,0,0,2163.0,14.0,-2.0
2025-10-01,4.0,33.0,12.0,2163,14.0,-2.0,Wednesday,1,2159.0,2141.0,2047.0,2144.1428571428573,72.4761904508224,2117.5714285714284,1096.8791208507116,7.0,10.0,6.0,12.714285714285714,17.57142857167368,11.0,18.307692307614097,5.0,4.0,23.0,-0.7142857142857143,22.238095238031956,2.0,64.30769230771217,2,10,0,0,2164.0,16.0,-1.0
2025-10-02,20.0,51.0,15.0,2164,16.0,-1.0,Thursday,1,2163.0,2145.0,2083.0,2147.285714285714,118.57142854606444,2125.8571428571427,798.5934065649988,14.0,15.0,5.0,13.285714285714286,16.238095238339966,11.571428571428571,16.725274725196762,-2.0,-5.0,8.0,-1.5714285714285714,17.952380952317977,0.21428571428571427,28.181318681337977,3,10,0,0,2180.0,16.0,-3.0
2025-10-05,8.0,28.0,13.0,2180,16.0,-3.0,Sunday,3,2164.0,2138.0,2086.0,2150.0,155.66666664130562,2131.6428571428573,733.1703296419257,16.0,17.0,10.0,13.428571428571429,16.952380952625585,12.357142857142858,14.247252747175128,-1.0,-5.0,0.0,-1.0,15.666666666603485,-0.42857142857142855,23.18681318683228,6,10,1,0,2187.0,10.0,5.0
2025-10-06,5.0,33.0,15.0,2187,10.0,5.0,Monday,1,2180.0,2132.0,2095.0,2156.0,239.66666664131154,2138.3571428571427,704.2472527188534,16.0,18.0,12.0,13.285714285714286,15.904761905006636,12.785714285714286,14.642857142779711,-3.0,-6.0,5.0,-0.7142857142857143,13.571428571365288,-0.6428571428571429,23.631868131887156,0,10,0,0,2189.0,10.0,-6.0
2025-10-07,11.0,45.0,4.0,2189,10.0,-6.0,Tuesday,1,2187.0,2146.0,2096.0,2163.8571428571427,231.80952378417524,2144.9285714285716,695.148351619953,10.0,9.0,13.0,12.142857142857142,12.476190476435969,12.642857142857142,15.170329670252176,5.0,3.0,-8.0,0.8571428571428571,11.476190476126627,-0.6428571428571429,23.631868131887156,1,10,0,0,2192.0,17.0,-2.0
2025-10-08,8.0,49.0,15.0,2192,17.0,-2.0,Wednesday,1,2189.0,2148.0,2096.0,2170.0,239.99999997465565,2151.5714285714284,612.8791208507225,10.0,13.0,14.0,12.285714285714286,11.57142857167397,12.428571428571429,15.648351648274058,-6.0,-1.0,-3.0,-0.42857142857142855,16.619047618984233,-0.5,21.653846153865224,2,10,0,0,2192.0,12.0,1.0
2025-10-09,11.0,55.0,13.0,2192,12.0,1.0,Thursday,1,2192.0,2159.0,2134.0,2176.285714285714,193.9047618794249,2158.4285714285716,450.4175823891846,17.0,7.0,5.0,12.857142857142858,14.809523809768828,12.642857142857142,17.01648351640602,-2.0,5.0,8.0,-0.5714285714285714,16.952380952317615,-0.42857142857142855,21.34065934067843,3,10,0,0,2223.0,6.0,1.0
2025-10-13,8.0,24.0,7.0,2223,6.0,1.0,Monday,4,2192.0,2163.0,2141.0,2181.0,159.33333330800193,2162.5714285714284,472.7252746968767,12.0,14.0,10.0,13.571428571428571,8.619047619292163,13.142857142857142,12.285714285637008,1.0,-2.0,4.0,-1.1428571428571428,11.809523809460678,-0.9285714285714286,15.763736263755199,0,10,0,1,2235.0,8.0,8.0
2025-10-14,7.0,30.0,16.0,2235,8.0,8.0,Tuesday,1,2223.0,2164.0,2145.0,2189.5714285714284,313.6190475937255,2168.4285714285716,680.8791208507256,6.0,16.0,15.0,12.428571428571429,16.619047619292925,12.857142857142858,15.36263736255996,1.0,-1.0,-5.0,-0.7142857142857143,12.238095238031953,-1.1428571428571428,14.131868131887,1,10,0,0,2225.0,15.0,-5.0
2025-10-15,8.0,29.0,10.0,2225,15.0,-5.0,Wednesday,1,2235.0,2180.0,2138.0,2199.714285714286,428.57142854612283,2174.8571428571427,935.0549450265524,8.0,16.0,17.0,11.285714285714286,16.23809523834131,12.357142857142858,16.554945054867435,8.0,-3.0,-5.0,0.5714285714285714,22.952380952317203,-0.21428571428571427,18.489010989030152,2,10,0,0,2233.0,9.0,6.0
2025-10-16,9.0,33.0,15.0,2233,9.0,6.0,Thursday,1,2225.0,2187.0,2132.0,2206.1428571428573,422.1428571175631,2181.0714285714284,982.3791208507298,15.0,10.0,18.0,11.142857142857142,14.809523809769978,12.214285714285714,15.412087912010227,-5.0,5.0,-6.0,0.2857142857142857,25.90476190469826,-0.21428571428571427,18.489010989030152,3,10,0,0,2237.0,7.0,10.0
2025-10-19,9.0,34.0,17.0,2237,7.0,10.0,Sunday,3,2233.0,2189.0,2146.0,2212.714285714286,430.9047618794788,2188.285714285714,948.5274724990825,9.0,10.0,9.0,11.0,15.333333333579596,11.571428571428571,13.18681318673522,6.0,-6.0,3.0,0.42857142857142855,27.619047618983917,0.6428571428571429,18.093406593426025,6,10,1,0,2243.0,7.0,-1.0
2025-10-20,10.0,39.0,6.0,2243,7.0,-1.0,Monday,1,2237.0,2192.0,2148.0,2219.5714285714284,380.6190475937792,2194.785714285714,948.0274724990836,7.0,17.0,13.0,10.571428571428571,17.619047619294168,11.428571428571429,14.263736263658236,10.0,-2.0,-1.0,2.7142857142857144,29.90476190469738,1.1428571428571428,24.13186813188772,0,10,0,0,2251.0,9.0,8.0
2025-10-21,13.0,39.0,17.0,2251,9.0,8.0,Tuesday,1,2243.0,2192.0,2159.0,2226.8571428571427,283.4761904509389,2201.5714285714284,908.8791208507336,7.0,12.0,7.0,9.142857142857142,10.476190476437978,11.0,15.38461538453717,-1.0,1.0,5.0,2.857142857142857,28.476190476125904,1.1428571428571428,24.13186813188772,1,10,0,0,2261.0,12.0,1.0
2025-10-22,12.0,42.0,13.0,2261,12.0,1.0,Wednesday,1,2251.0,2223.0,2163.0,2235.285714285714,95.23809521286823,2208.1428571428573,910.9010988727132,9.0,6.0,14.0,8.714285714285714,8.904761905009691,11.142857142857142,14.439560439482287,8.0,1.0,-2.0,3.857142857142857,31.142857142792206,1.3571428571428572,26.554945054964712,2,10,0,0,2266.0,18.0,8.0
2025-10-23,4.0,27.0,26.0,2266,18.0,8.0,Thursday,1,2261.0,2235.0,2164.0,2240.714285714286,145.90476187955247,2215.1428571428573,916.2857142573328,12.0,8.0,16.0,9.571428571428571,8.619047619294834,11.0,13.846153846075632,1.0,8.0,-1.0,3.857142857142857,31.142857142792206,1.5714285714285714,25.64835164837137,3,10,0,0,2276.0,10.0,2.0
2025-10-26,4.0,35.0,12.0,2276,10.0,2.0,Sunday,3,2266.0,2225.0,2180.0,2245.1428571428573,224.1428571176606,2222.4285714285716,856.8791208507433,18.0,15.0,16.0,11.0,17.66666666691293,11.142857142857142,15.67032967025152,8.0,-5.0,-3.0,3.857142857142857,31.142857142792206,2.2142857142857144,27.873626373646296,6,10,1,0,2282.0,11.0,-3.0
2025-10-27,2.0,31.0,8.0,2282,11.0,-3.0,Monday,1,2276.0,2233.0,2187.0,2252.4285714285716,253.28571426053796,2229.285714285714,888.5274724991018,10.0,9.0,10.0,10.285714285714286,14.571428571675312,10.714285714285714,13.75824175816342,2.0,6.0,5.0,4.857142857142857,17.47619047612518,2.5714285714285716,25.648351648371683,0,10,0,0,2286.0,6.0,5.0
2025-10-28,6.0,22.0,11.0,2286,6.0,5.0,Tuesday,1,2282.0,2237.0,2189.0,2259.4285714285716,278.9523809272253,2236.0714285714284,915.1483516199886,11.0,7.0,10.0,10.571428571428571,14.285714285960836,10.785714285714286,13.719780219701914,-3.0,10.0,-6.0,3.5714285714285716,25.619047618982787,2.0,27.230769230789086,1,10,0,0,2280.0,17.0,-13.0
2025-10-29,6.0,25.0,4.0,2280,17.0,-13.0,Wednesday,1,2286.0,2243.0,2192.0,2266.4285714285716,255.61904759391268,2243.0,884.7692307408753,6.0,7.0,17.0,10.428571428571429,15.619047619294264,10.5,15.346153846075415,5.0,-1.0,-2.0,2.857142857142857,18.4761904761259,2.7857142857142856,22.335164835184937,2,10,0,0,2287.0,12.0,2.0
2025-10-30,3.0,17.0,14.0,2287,12.0,2.0,Thursday,1,2280.0,2251.0,2192.0,2271.714285714286,162.2380952129737,2249.285714285714,747.4505494222017,17.0,9.0,12.0,11.857142857142858,18.47619047643617,10.5,15.346153846075415,-13.0,8.0,1.0,1.1428571428571428,54.47619047612651,2.0,39.07692307694293,3,10,0,0,2277.0,7.0,3.0
2025-11-02,5.0,21.0,10.0,2277,7.0,3.0,Sunday,3,2287.0,2261.0,2223.0,2276.8571428571427,98.80952378441329,2256.0714285714284,554.8406593123191,12.0,12.0,6.0,12.285714285714286,16.904761905007316,10.5,15.346153846075415,2.0,1.0,1.0,0.2857142857142857,45.904761904698255,2.0714285714285716,38.99450549452537,6,11,1,0,2269.0,12.0,-7.0
2025-11-03,3.0,28.0,5.0,2269,12.0,-7.0,Monday,1,2277.0,2266.0,2235.0,2279.1428571428573,50.80952378441933,2259.9285714285716,488.3791208507863,7.0,18.0,8.0,11.571428571428571,20.95238095262684,10.571428571428571,14.725274725196327,3.0,8.0,8.0,0.5714285714285714,46.95238095231719,2.2142857142857144,38.950549450569376,0,11,0,0,2270.0,8.0,-2.0
2025-11-04,6.0,33.0,6.0,2270,8.0,-2.0,Tuesday,1,2269.0,2276.0,2225.0,2279.5714285714284,38.95238092727785,2262.3571428571427,440.5549450266147,12.0,10.0,15.0,10.714285714285714,13.238095238341694,10.857142857142858,14.285714285636013,-7.0,2.0,-5.0,-1.5714285714285714,41.95238095231797,1.1428571428571428,41.670329670349254,1,11,0,0,2272.0,7.0,1.0
2025-11-05,8.0,41.0,8.0,2272,7.0,1.0,Wednesday,1,2270.0,2282.0,2233.0,2278.714285714286,51.238095212990515,2265.5714285714284,326.57142854310246,8.0,11.0,9.0,10.428571428571429,14.285714285960934,10.357142857142858,13.324175824097333,-2.0,-3.0,6.0,-2.142857142857143,39.47619047612769,1.3571428571428572,39.47802197804163,2,11,0,0,2264.0,19.0,-10.0
2025-11-06,6.0,33.0,9.0,2264,19.0,-10.0,Thursday,1,2272.0,2286.0,2237.0,2277.285714285714,54.57142854632079,2268.3571428571427,239.78571425739176,7.0,6.0,7.0,9.857142857142858,15.80952380977084,10.214285714285714,14.027472527393972,1.0,5.0,10.0,-1.5714285714285714,40.61904761898463,1.0,37.69230769232723,3,11,0,0,2294.0,4.0,1.0
2025-11-09,11.0,33.0,5.0,2294,4.0,1.0,Sunday,3,2264.0,2280.0,2243.0,2274.1428571428573,59.80952378440826,2270.285714285714,161.60439557607592,19.0,17.0,7.0,11.714285714285714,23.238095238341028,11.071428571428571,18.379120879042702,-10.0,-13.0,-1.0,-3.7142857142857144,39.90476190469968,-0.42857142857142855,38.57142857144766,6,11,1,0,2294.0,14.0,-2.0
2025-11-11,11.0,39.0,12.0,2294,14.0,-2.0,Tuesday,2,2294.0,2287.0,2251.0,2276.1428571428573,115.14285711774737,2273.9285714285716,133.30219777388274,4.0,12.0,9.0,9.857142857142858,24.47619047643751,10.857142857142858,20.901098901020628,1.0,2.0,8.0,-1.7142857142857142,24.571428571365626,-0.2857142857142857,38.68131868133782,1,11,0,1,2302.0,7.0,13.0
2025-11-12,14.0,48.0,20.0,2302,7.0,13.0,Wednesday,1,2294.0,2277.0,2261.0,2277.1428571428573,147.47619045108328,2277.0,113.69230766399839,14.0,7.0,12.0,10.142857142857142,26.47619047643732,11.214285714285714,21.258241758163646,-2.0,3.0,1.0,-2.2857142857142856,21.90476190469916,-1.0,33.07692307694199,2,11,0,0,2317.0,5.0,11.0
2025-11-13,6.0,26.0,16.0,2317,5.0,11.0,Thursday,1,2302.0,2269.0,2266.0,2280.714285714286,235.5714285463322,2279.9285714285716,132.84065931235585,7.0,12.0,18.0,10.142857142857142,26.47619047643732,10.857142857142858,22.43956043948217,13.0,-7.0,8.0,-0.8571428571428571,53.80952380946055,-0.14285714285714285,47.054945054964236,3,11,0,0,2340.0,5.0,-2.0
2025-11-16,5.0,22.0,3.0,2340,5.0,-2.0,Sunday,3,2317.0,2270.0,2276.0,2287.5714285714284,377.28571426063985,2283.5714285714284,209.34065931236293,5.0,8.0,10.0,9.142857142857142,29.14285714310465,9.928571428571429,20.225274725196048,11.0,-2.0,2.0,1.7142857142857142,63.23809523803104,0.07142857142857142,51.456043956063205,6,11,1,0,2343.0,8.0,-2.0
2025-11-17,1.0,35.0,6.0,2343,8.0,-2.0,Monday,1,2340.0,2272.0,2282.0,2297.5714285714284,667.2857142606755,2288.1428571428573,427.36263733435266,5.0,7.0,11.0,8.714285714285714,31.571428571676364,9.571428571428571,21.95604395596512,-2.0,1.0,-3.0,1.7142857142857142,63.23809523803104,-0.21428571428571427,51.412087912107076,0,11,0,0,2345.0,12.0,-4.0
2025-11-18,2.0,38.0,8.0,2345,12.0,-4.0,Tuesday,1,2343.0,2264.0,2286.0,2307.714285714286,782.2380952130897,2292.5,635.4999999717251,8.0,19.0,6.0,8.857142857142858,31.142857143104838,9.357142857142858,21.939560439481507,-2.0,-10.0,5.0,1.2857142857142858,65.23809523803119,-0.14285714285714285,51.054945054964236,1,11,0,0,2340.0,10.0,-7.0
2025-11-19,7.0,32.0,3.0,2340,10.0,-7.0,Wednesday,1,2345.0,2294.0,2280.0,2319.285714285714,539.2380952131213,2296.714285714286,825.1428571145899,12.0,4.0,17.0,7.857142857142857,14.476190476438836,9.785714285714286,21.41208791200917,-4.0,1.0,-13.0,2.142857142857143,47.809523809459456,-0.7857142857142857,49.7197802197992,2,11,0,0,2340.0,9.0,-1.0
2025-11-20,18.0,57.0,8.0,2340,9.0,-1.0,Thursday,1,2340.0,2294.0,2287.0,2325.8571428571427,453.8095237845624,2301.0,927.9999999717407,10.0,14.0,12.0,8.714285714285714,11.904761905009694,9.285714285714286,17.142857142778176,-7.0,-2.0,2.0,1.0,59.99999999993607,-0.35714285714285715,41.01648351650263,3,11,0,0,2375.0,1.0,21.0
2025-11-23,3.0,46.0,22.0,2375,1.0,21.0,Sunday,3,2340.0,2302.0,2277.0,2332.4285714285716,267.6190475940947,2304.785714285714,1014.48901096076,9.0,7.0,7.0,8.0,6.666666666914932,9.071428571428571,16.532967032887974,-1.0,13.0,3.0,1.1428571428571428,59.14285714279316,-0.5714285714285714,40.57142857144762,6,11,1,0,2371.0,13.0,-4.0
2025-11-24,9.0,40.0,9.0,2371,13.0,-4.0,Monday,1,2375.0,2317.0,2269.0,2342.8571428571427,288.47619045124543,2311.785714285714,1281.5659340376985,1.0,5.0,12.0,7.142857142857143,13.809523809772648,8.642857142857142,21.016483516404268,21.0,11.0,-7.0,2.2857142857142856,99.90476190469751,0.7142857142857143,73.60439560441506,0,11,0,0,2375.0,11.0,3.0
2025-11-25,6.0,47.0,14.0,2375,11.0,3.0,Tuesday,1,2371.0,2340.0,2270.0,2350.5714285714284,239.61904759410524,2319.0714285714284,1353.3021977739784,13.0,5.0,8.0,8.285714285714286,17.238095238343316,8.714285714285714,21.604395604316387,-4.0,-2.0,-2.0,0.14285714285714285,88.47619047612686,0.9285714285714286,70.68681318683271,1,11,0,0,2389.0,7.0,1.0
2025-11-27,4.0,24.0,8.0,2389,7.0,1.0,Thursday,2,2375.0,2343.0,2272.0,2355.5714285714284,291.28571426077417,2326.5714285714284,1348.109890081686,11.0,8.0,7.0,9.142857142857142,15.809523809771315,8.928571428571429,21.917582417503297,3.0,-2.0,1.0,0.8571428571428571,88.47619047612659,1.2857142857142858,70.21978021979986,3,11,0,1,2415.0,0.0,10.0
2025-11-30,4.0,18.0,10.0,2415,0.0,10.0,Sunday,3,2389.0,2345.0,2264.0,2362.1428571428573,400.80952378458636,2334.9285714285716,1343.6098900817062,7.0,12.0,19.0,9.0,16.333333333580935,8.928571428571429,21.917582417503297,1.0,-4.0,-10.0,1.2857142857142858,86.90476190469786,1.2857142857142858,70.21978021979986,6,11,1,0,2410.0,9.0,-5.0
2025-12-01,4.0,26.0,4.0,2410,9.0,-5.0,Monday,1,2415.0,2340.0,2294.0,2372.1428571428573,700.809523784594,2345.714285714286,1324.5274724993199,0.0,10.0,4.0,7.285714285714286,24.90476190501065,7.571428571428571,18.263736263656543,10.0,-7.0,1.0,3.2857142857142856,90.23809523803048,2.7142857142857144,64.06593406595415,0,12,0,0,2407.0,8.0,-2.0
2025-12-02,7.0,34.0,6.0,2407,8.0,-2.0,Tuesday,1,2410.0,2340.0,2294.0,2382.1428571428573,650.8095237846015,2354.0,1362.7692307411019,9.0,9.0,14.0,7.142857142857143,24.14285714310598,7.928571428571429,17.30219780211824,-5.0,-1.0,-2.0,3.5714285714285716,83.95238095231609,2.2857142857142856,68.21978021980017,1,12,0,0,2419.0,7.0,1.0
2025-12-03,4.0,32.0,8.0,2419,7.0,1.0,Wednesday,1,2407.0,2375.0,2302.0,2391.714285714286,350.9047618798431,2362.0714285714284,1231.7637362356331,8.0,1.0,7.0,7.0,23.666666666915603,7.5,14.269230769151019,-2.0,21.0,13.0,3.4285714285714284,85.61904761898279,2.2857142857142856,68.21978021980017,2,12,0,0,2418.0,13.0,-6.0
2025-12-04,16.0,39.0,7.0,2418,13.0,-6.0,Thursday,1,2419.0,2371.0,2317.0,2398.0,382.33333330841424,2370.4285714285716,1128.2637362356577,7.0,13.0,5.0,7.857142857142857,16.809523809772173,7.5,14.269230769151019,1.0,-4.0,11.0,0.5714285714285714,25.619047618983824,1.4285714285714286,58.725274725294405,3,12,0,0,2429.0,12.0,1.0
2025-12-07,4.0,24.0,13.0,2429,12.0,1.0,Sunday,3,2418.0,2375.0,2340.0,2404.714285714286,274.9047618798426,2377.6428571428573,1026.7087911807323,13.0,11.0,5.0,7.857142857142857,16.809523809772173,8.071428571428571,15.763736263656767,-6.0,3.0,-2.0,0.2857142857142857,29.238095238031548,0.21428571428571427,54.33516483518413,6,12,1,0,2440.0,4.0,5.0
2025-12-08,9.0,27.0,9.0,2440,4.0,5.0,Monday,1,2429.0,2389.0,2343.0,2412.4285714285716,156.6190475941252,2384.0,1077.0769230488825,12.0,7.0,8.0,8.0,18.000000000248267,8.571428571428571,15.956043955964681,1.0,1.0,-2.0,0.0,27.999999999936417,0.42857142857142855,53.95604395606332,0,12,0,0,2443.0,8.0,-1.0
2025-12-09,4.0,30.0,7.0,2443,8.0,-1.0,Tuesday,1,2440.0,2415.0,2345.0,2419.714285714286,129.90476187983754,2390.9285714285716,1137.302197774176,4.0,0.0,12.0,7.571428571428571,20.28571428596284,8.285714285714286,17.450549450470046,5.0,10.0,-4.0,0.5714285714285714,31.619047618983828,0.9285714285714286,54.84065934067886,1,12,0,0,2439.0,9.0,-4.0
2025-12-10,10.0,54.0,5.0,2439,9.0,-4.0,Wednesday,1,2443.0,2410.0,2340.0,2423.714285714286,197.90476187983722,2397.9285714285716,1130.8406593126556,8.0,9.0,10.0,8.714285714285714,9.23809523834303,8.0,16.307692307612776,-1.0,-5.0,-7.0,-1.0,14.33333333327011,1.1428571428571428,53.208791208810794,2,12,0,0,2437.0,10.0,-1.0
2025-12-11,7.0,47.0,9.0,2437,10.0,-1.0,Thursday,1,2439.0,2407.0,2340.0,2427.8571428571427,185.47619045126604,2405.0,948.6153845874014,9.0,8.0,9.0,8.714285714285714,9.23809523834303,7.928571428571429,16.07142857134901,-4.0,-2.0,-1.0,-0.8571428571428571,13.142857142793867,1.3571428571428572,50.09340659342625,3,12,0,0,2462.0,8.0,-4.0
2025-12-14,8.0,35.0,4.0,2462,8.0,-4.0,Sunday,3,2437.0,2419.0,2375.0,2432.1428571428573,105.47619045126838,2411.9285714285716,650.6868131588494,10.0,7.0,1.0,9.0,9.333333333580937,8.0,16.307692307612776,-1.0,1.0,21.0,-0.7142857142857143,12.90476190469858,1.3571428571428572,50.09340659342625,6,12,1,0,2470.0,7.0,2.0
2025-12-15,11.0,42.0,9.0,2470,7.0,2.0,Monday,1,2462.0,2418.0,2371.0,2438.285714285714,181.23809521317594,2418.1428571428573,697.0549450269966,8.0,13.0,13.0,9.142857142857142,8.809523809771317,8.5,12.269230769151461,-4.0,-6.0,-4.0,-1.4285714285714286,13.619047618984553,-0.42857142857142855,19.18681318683229,0,12,0,0,2468.0,9.0,6.0
2025-12-16,8.0,54.0,15.0,2468,9.0,6.0,Tuesday,1,2470.0,2429.0,2375.0,2445.714285714286,215.90476187984368,2425.214285714286,679.1043955764649,7.0,12.0,11.0,8.285714285714286,6.238095238343319,8.071428571428571,10.686813186733689,2.0,1.0,3.0,-0.2857142857142857,10.571428571365091,0.0,18.461538461557698,1,12,0,0,2481.0,10.0,1.0
2025-12-17,7.0,31.0,11.0,2481,10.0,1.0,Wednesday,1,2468.0,2440.0,2389.0,2451.285714285714,215.90476187984368,2431.8571428571427,578.4395604116503,9.0,4.0,7.0,7.857142857142857,3.809523809772177,7.928571428571429,10.07142857134901,6.0,5.0,1.0,0.42857142857142855,16.285714285650545,0.21428571428571427,20.48901098903029,2,12,0,0,2472.0,16.0,-10.0
2025-12-18,11.0,50.0,6.0,2472,16.0,-10.0,Thursday,1,2481.0,2443.0,2415.0,2457.1428571428573,301.8095237846078,2438.4285714285716,576.4175823896954,10.0,8.0,0.0,8.714285714285714,1.2380952383430328,8.142857142857142,10.28571428563482,1.0,-1.0,10.0,-0.14285714285714285,12.476190476126943,0.21428571428571427,20.48901098903029,3,12,0,0,2484.0,14.0,-3.0
2025-12-21,6.0,18.0,11.0,2484,14.0,-3.0,Sunday,3,2472.0,2439.0,2410.0,2461.285714285714,285.2380952131829,2442.5,603.0384615105903,16.0,9.0,9.0,9.857142857142858,8.476190476437507,9.285714285714286,8.52747252739357,-10.0,-4.0,-5.0,-1.4285714285714286,26.61904761898455,-1.2142857142857142,18.9505494505683,6,12,1,0,,,
